Labels:
['market', 'forecast_action', 'capacity', 'up']
['market', 'forecast_action', 'price', 'up']
['market', 'price_action', 'price', 'up']
['market', 'production_action', 'production', 'up']
['market', 'trade_policy_action', 'tariff', 'down']

===== RAW GENERATION (decoded) =====
The observed trend in the U.S. Retail Broiler Composite prices, showing a significant drop of 0.116 in the current month, suggests a combination of factors affecting the market. A likely cause is an increase in supply, potentially due to higher production by poultry companies or increased imports, which could flood the market and drive prices down. Additionally, a shift in consumer preferences towards alternative proteins or economic factors reducing purchasing power might have decreased demand. External events such as a health-related disease outbreak or trade policy changes, like reduced tariffs on imports, could also contribute to the price decline. Recent reports or forecasts indicating a surplus or predicting lower prices might have influenced market reactions, leading retailers to adjust their pricing strategies.

**Reasoning Paragraph:**
The significant drop in U.S. Retail Broiler Composite prices could be attributed to increased supply from higher production or imports, decreased consumer demand due to preference shifts or economic factors, or external events like health issues or trade policy changes. Recent reports or forecasts might have also influenced market adjustments, leading to lower prices.

**Hypotheses:**

1. **poultry_company|production_action|production|up**  
   A poultry company increased production, contributing to market surplus.

2. **us_government_agency|report_action|surplus|up**  
   A government report indicated a surplus, affecting market dynamics.

3. **united_states|trade_policy_action|tariff|down**  
   Reduced tariffs on imports increased supply, lowering prices.

4. **poultry_industry_association|forecast_action|price|down**  
   An industry forecast predicted lower prices, prompting market adjustments.

5. **market|health_event_action|disease_event|up**  
   A health event reduced consumer confidence, decreasing demand.

**JSON Output:**

```json
{
  "hypotheses": [
    {
      "key": "poultry_company|production_action|production|up"
    },
    {
      "key": "us_government_agency|report_action|surplus|up"
    },
    {
      "key": "united_states|trade_policy_action|tariff|down"
    },
    {
      "key": "poultry_industry_association|forecast_action|price|down"
    },
    {
      "key": "market|health_event_action|disease_event|up"
    }
  ]
}
```
===== END RAW GENERATION =====
[DEBUG] parsed JSON: {"hypotheses": [{"key": "poultry_company|production_action|production|up"}, {"key": "us_government_agency|report_action|surplus|up"}, {"key": "united_states|trade_policy_action|tariff|down"}, {"key": "poultry_industry_association|forecast_action|price|down"}, {"key": "market|health_event_action|disease_event|up"}]}
['poultry_company', 'production_action', 'production', 'up']
['us_government_agency', 'report_action', 'surplus', 'up']
['united_states', 'trade_policy_action', 'tariff', 'down']
['poultry_industry_association', 'forecast_action', 'price', 'down']
['market', 'health_event_action', 'disease_event', 'up']
recall_all: 0.0 precision_all: 0.0
Labels:
['market', 'forecast_action', 'price', 'down']
['market', 'production_action', 'production', 'up']
['market', 'price_action', 'price', 'down']
['market', 'price_action', 'price', 'up']

===== RAW GENERATION (decoded) =====
The observed trend in the U.S. Retail Broiler Composite prices shows a consistent decline over the past three months, with a slight dip in the current month. This downward trend could be attributed to several factors. An oversupply in the market might be driving prices down, possibly due to increased production by poultry companies or a surge in exports. Alternatively, a decrease in demand could be at play, potentially influenced by changing consumer preferences or a health-related concern affecting the poultry industry. The current month's small price drop aligns with these trends, suggesting ongoing market adjustments.

The potential real-time events that could have contributed to this trend include:

1. **Market|price_action|price|down**: A price reduction by companies to manage oversupply.
2. **Poultry_company|production_action|production|up**: Increased production leading to higher supply.
3. **United_States|trade_policy_action|tariff|down**: Reduced tariffs on imports, increasing domestic supply.
4. **United_States_Government_Agency|report_action|guideline|down**: A report indicating surplus, prompting market adjustments.
5. **Market|health_event_action|disease_event|down**: A disease outbreak reducing consumer demand.

These events collectively explain the observed price decline, reflecting both supply-side and demand-side dynamics.

```json
{
  "hypotheses": [
    {
      "key": "Market|price_action|price|down"
    },
    {
      "key": "Poultry_company|production_action|production|up"
    },
    {
      "key": "United_States|trade_policy_action|tariff|down"
    },
    {
      "key": "United_States_Government_Agency|report_action|guideline|down"
    },
    {
      "key": "Market|health_event_action|disease_event|down"
    }
  ]
}
```
===== END RAW GENERATION =====
[DEBUG] parsed JSON: {"hypotheses": [{"key": "Market|price_action|price|down"}, {"key": "Poultry_company|production_action|production|up"}, {"key": "United_States|trade_policy_action|tariff|down"}, {"key": "United_States_Government_Agency|report_action|guideline|down"}, {"key": "Market|health_event_action|disease_event|down"}]}
['Market', 'price_action', 'price', 'down']
['Poultry_company', 'production_action', 'production', 'up']
['United_States', 'trade_policy_action', 'tariff', 'down']
['United_States_Government_Agency', 'report_action', 'guideline', 'down']
['Market', 'health_event_action', 'disease_event', 'down']
recall_all: 0.25 precision_all: 0.1
Labels:
['market', 'forecast_action', 'production', 'ambiguous']
['market', 'price_action', 'price', 'down']
['market', 'price_action', 'price', 'up']

===== RAW GENERATION (decoded) =====
The observed trend in the U.S. Retail Broiler Composite prices shows a downward movement over the past three months, with the rate of decrease slowing in the current month. This suggests a stabilization in the market, possibly due to increased supply, decreased demand, or reduced production costs. The slight decrease in the current month indicates that downward pressures may be easing, potentially due to market stabilization or emerging factors counterbalancing the trend.

**Hypothesized Real-Time Events:**

1. **Poultry Company|production_action|production|up**  
   A major poultry company increased production, leading to a higher supply and contributing to the price decline.

2. **US_Government_Agency|approval_action|guideline|up**  
   The U.S. government approved new production guidelines, enhancing efficiency and reducing costs, allowing for lower prices.

3. **Poultry_Industry_Association|report_action|demand|up**  
   The industry association released a report forecasting stable demand, influencing current pricing strategies.

4. **Health_Event|health_event_action|disease_event|down**  
   A disease outbreak was reported but resolved, not significantly impacting supply as feared.

5. **Trade_Policy|trade_policy_action|tariff|down**  
   Tariffs on imported broiler products were lowered, increasing supply and contributing to lower prices.

```json
{
  "hypotheses": [
    {
      "key": "poultry_company|production_action|production|up"
    },
    {
      "key": "us_government_agency|approval_action|guideline|up"
    },
    {
      "key": "poultry_industry_association|report_action|demand|up"
    },
    {
      "key": "health_event|health_event_action|disease_event|down"
    },
    {
      "key": "trade_policy|trade_policy_action|tariff|down"
    }
  ]
}
```
===== END RAW GENERATION =====
[DEBUG] parsed JSON: {"hypotheses": [{"key": "poultry_company|production_action|production|up"}, {"key": "us_government_agency|approval_action|guideline|up"}, {"key": "poultry_industry_association|report_action|demand|up"}, {"key": "health_event|health_event_action|disease_event|down"}, {"key": "trade_policy|trade_policy_action|tariff|down"}]}
['poultry_company', 'production_action', 'production', 'up']
['us_government_agency', 'approval_action', 'guideline', 'up']
['poultry_industry_association', 'report_action', 'demand', 'up']
['health_event', 'health_event_action', 'disease_event', 'down']
['trade_policy', 'trade_policy_action', 'tariff', 'down']
recall_all: 0.16666666666666666 precision_all: 0.06666666666666667
Labels:
['market', 'price_action', 'price', 'down']
['market', 'price_action', 'price', 'up']
['united_states', 'forecast_action', 'export', 'ambiguous']

===== RAW GENERATION (decoded) =====
The observed trend in the data indicates a shift from a downward to an upward movement in broiler prices. The initial decrease over three months could be attributed to factors such as increased production, higher imports, or reduced consumer demand. However, the significant increase in the current month suggests a disruption in supply or changes in market dynamics. Potential causes include a disease outbreak affecting production, trade policy changes impacting imports, or market forecasts predicting future price hikes.

The reasoning paragraph connects the observed pattern to possible events, considering factors like supply shocks, trade policies, and market forecasts. These elements help explain the shift in price trends.

Here are the hypothesized real-time events:

1. **poultry_company|health_event_action|production|down**  
   A disease outbreak in poultry farms reduces production, leading to higher prices.

2. **us_government_agency|trade_policy_action|tariff|up**  
   The U.S. government imposes tariffs on imported broiler products, increasing domestic prices.

3. **market|forecast_action|price|up**  
   Market forecasts predict higher future prices, causing current prices to rise.

4. **poultry_industry_association|report_action|production|down**  
   A report indicates lower production due to various factors, supporting higher current prices.

5. **us_government_agency|subsidy_action|subsidy|up**  
   Subsidies approved for poultry companies may influence production and market dynamics, potentially affecting prices.

These events provide a structured explanation for the observed price trends.

```json
{
  "hypotheses": [
    {
      "key": "poultry_company|health_event_action|production|down"
    },
    {
      "key": "us_government_agency|trade_policy_action|tariff|up"
    },
    {
      "key": "market|forecast_action|price|up"
    },
    {
      "key": "poultry_industry_association|report_action|production|down"
    },
    {
      "key": "us_government_agency|subsidy_action|subsidy|up"
    }
  ]
}
```
===== END RAW GENERATION =====
[DEBUG] parsed JSON: {"hypotheses": [{"key": "poultry_company|health_event_action|production|down"}, {"key": "us_government_agency|trade_policy_action|tariff|up"}, {"key": "market|forecast_action|price|up"}, {"key": "poultry_industry_association|report_action|production|down"}, {"key": "us_government_agency|subsidy_action|subsidy|up"}]}
['poultry_company', 'health_event_action', 'production', 'down']
['us_government_agency', 'trade_policy_action', 'tariff', 'up']
['market', 'forecast_action', 'price', 'up']
['poultry_industry_association', 'report_action', 'production', 'down']
['us_government_agency', 'subsidy_action', 'subsidy', 'up']
recall_all: 0.125 precision_all: 0.05
Labels:
['us_government_agency', 'subsidy_action', 'capacity', 'ambiguous']

===== RAW GENERATION (decoded) =====
The observed trend in the U.S. Retail Broiler Composite prices shows an initial increase followed by a slight decrease. This pattern suggests that there were factors causing a temporary rise in prices, which then normalized. Possible causes include production challenges, trade policy changes, health events, or market speculation. Each of these factors could have influenced the supply and demand dynamics, leading to the observed price fluctuations.

Here are the hypothesized real-time events:

1. The poultry industry faced production challenges, leading to higher prices, which then resolved, causing a slight drop.
2. A government agency released a report indicating lower production, affecting market prices.
3. Trade policies changed, affecting imports or exports, thus influencing supply and prices.
4. A health event impacted production, leading to higher prices, then being controlled, causing a slight decrease.
5. Market speculation based on forecast reports drove prices up, then corrected downward as the situation stabilized.

These events are represented as keys in the JSON format:

```json
{
  "hypotheses": [
    {
      "key": "poultry_industry_association|production_action|production|up"
    },
    {
      "key": "us_government_agency|report_action|production|down"
    },
    {
      "key": "us_government_agency|trade_policy_action|tariff|up"
    },
    {
      "key": "poultry_industry_association|health_event_action|disease_event|up"
    },
    {
      "key": "market|forecast_action|price|up"
    }
  ]
}
```
===== END RAW GENERATION =====
[DEBUG] parsed JSON: {"hypotheses": [{"key": "poultry_industry_association|production_action|production|up"}, {"key": "us_government_agency|report_action|production|down"}, {"key": "us_government_agency|trade_policy_action|tariff|up"}, {"key": "poultry_industry_association|health_event_action|disease_event|up"}, {"key": "market|forecast_action|price|up"}]}
['poultry_industry_association', 'production_action', 'production', 'up']
['us_government_agency', 'report_action', 'production', 'down']
['us_government_agency', 'trade_policy_action', 'tariff', 'up']
['poultry_industry_association', 'health_event_action', 'disease_event', 'up']
['market', 'forecast_action', 'price', 'up']
recall_all: 0.1 precision_all: 0.04
Labels:
['market', 'forecast_action', 'production', 'up']
['market', 'price_action', 'price', 'down']
['market', 'production_action', 'production', 'up']
['us_government_agency', 'approval_action', 'poultry_product', 'ambiguous']

===== RAW GENERATION (decoded) =====
The observed trend in the U.S. Retail Broiler Composite prices shows an upward movement with some volatility. The increase from t0 to t1 could be due to higher demand, possibly around the holidays, while the slight dip in t2 might indicate a temporary supply increase or promotional activities. The current month's significant increase suggests that demand has picked up again or supply has tightened. Possible factors include production issues, trade policies, market dynamics, or health events.

The plausible real-time events within the current month are:

1. A report from the U.S. government or an industry association forecasting higher prices, leading to increased demand.
2. A production action by a poultry company, such as Claxton Poultry Farms, increasing prices due to supply constraints.
3. A trade policy action, like tariffs on imports, making domestic products more expensive.
4. A health event, like a disease outbreak, reducing supply and driving up prices.
5. A subsidy action from the government, which might have affected production costs but could also influence market dynamics.

These events are structured as NAME|ACTION|OBJECT|DIRECTION:

```json
{
  "hypotheses": [
    {
      "key": "united_states|report_action|price|up"
    },
    {
      "key": "poultry_company|production_action|price|up"
    },
    {
      "key": "united_states|trade_policy_action|tariff|up"
    },
    {
      "key": "poultry_industry_association|health_event_action|disease_event|up"
    },
    {
      "key": "us_government_agency|subsidy_action|subsidy|up"
    }
  ]
}
```
===== END RAW GENERATION =====
[DEBUG] parsed JSON: {"hypotheses": [{"key": "united_states|report_action|price|up"}, {"key": "poultry_company|production_action|price|up"}, {"key": "united_states|trade_policy_action|tariff|up"}, {"key": "poultry_industry_association|health_event_action|disease_event|up"}, {"key": "us_government_agency|subsidy_action|subsidy|up"}]}
['united_states', 'report_action', 'price', 'up']
['poultry_company', 'production_action', 'price', 'up']
['united_states', 'trade_policy_action', 'tariff', 'up']
['poultry_industry_association', 'health_event_action', 'disease_event', 'up']
['us_government_agency', 'subsidy_action', 'subsidy', 'up']
recall_all: 0.08333333333333333 precision_all: 0.03333333333333333
Labels:
['market', 'forecast_action', 'production', 'up']
['market', 'price_action', 'price', 'up']

===== RAW GENERATION (decoded) =====
The observed trend in the U.S. Retail Broiler Composite prices shows a slight decrease in the current month, following a period of volatility. This could be attributed to several factors, including market forecasts, production changes, trade policies, health events, or direct pricing actions by companies. Each of these factors could influence supply, demand, or market sentiment, leading to the observed price adjustment.

⟪FINAL⟫{
  "hypotheses": [
    {
      "key": "united_states|report_action|forecast|down"
    },
    {
      "key": "poultry_company|production_action|production|up"
    },
    {
      "key": "united_states|trade_policy_action|tariff|down"
    },
    {
      "key": "poultry_industry_association|health_event_action|disease_event|up"
    },
    {
      "key": "claxton_poultry_farms|price_action|price|down"
    }
  ]
}
===== END RAW GENERATION =====
[DEBUG] parsed JSON: {"hypotheses": [{"key": "united_states|report_action|forecast|down"}, {"key": "poultry_company|production_action|production|up"}, {"key": "united_states|trade_policy_action|tariff|down"}, {"key": "poultry_industry_association|health_event_action|disease_event|up"}, {"key": "claxton_poultry_farms|price_action|price|down"}]}
['united_states', 'report_action', 'forecast', 'down']
['poultry_company', 'production_action', 'production', 'up']
['united_states', 'trade_policy_action', 'tariff', 'down']
['poultry_industry_association', 'health_event_action', 'disease_event', 'up']
['claxton_poultry_farms', 'price_action', 'price', 'down']
recall_all: 0.07142857142857142 precision_all: 0.028571428571428574
Labels:
['market', 'forecast_action', 'price', 'up']
['market', 'price_action', 'price', 'up']
['market', 'production_action', 'production', 'up']
['market', 'trade_policy_action', 'export', 'up']

===== RAW GENERATION (decoded) =====
The observed trend in the U.S. Retail Broiler Composite prices shows a slight increase in the current month, following a period of relative stability with a minor dip. This upward movement could be attributed to several factors. An increase in production costs, such as higher feed prices due to rising corn costs, might have contributed to the price hike. Additionally, higher demand, possibly driven by seasonal factors or consumer preferences, could play a role. Trade policies, such as tariffs on imported poultry, might have reduced supply, pushing up domestic prices. A report or forecast from the USDA predicting higher demand or lower supply could have influenced market behavior, leading to price adjustments. Lastly, a disease outbreak in poultry farms could have reduced supply, resulting in higher prices.

The hypotheses for real-time events within the current month are as follows:

1. A poultry company increased prices due to higher feed costs.
2. The USDA released a forecast predicting higher demand, prompting price adjustments.
3. A trade policy change affected imports or exports, influencing domestic prices.
4. A disease outbreak in poultry farms reduced supply, leading to higher prices.
5. A subsidy change affected production costs, either increasing or decreasing them.

```json
{
  "hypotheses": [
    {
      "key": "poultry_company|price_action|price|up"
    },
    {
      "key": "us_government_agency|forecast_action|demand|up"
    },
    {
      "key": "us_government_agency|trade_policy_action|tariff|up"
    },
    {
      "key": "poultry_industry_association|health_event_action|disease_event|up"
    },
    {
      "key": "us_government_agency|subsidy_action|subsidy|up"
    }
  ]
}
```
===== END RAW GENERATION =====
[DEBUG] parsed JSON: {"hypotheses": [{"key": "poultry_company|price_action|price|up"}, {"key": "us_government_agency|forecast_action|demand|up"}, {"key": "us_government_agency|trade_policy_action|tariff|up"}, {"key": "poultry_industry_association|health_event_action|disease_event|up"}, {"key": "us_government_agency|subsidy_action|subsidy|up"}]}
['poultry_company', 'price_action', 'price', 'up']
['us_government_agency', 'forecast_action', 'demand', 'up']
['us_government_agency', 'trade_policy_action', 'tariff', 'up']
['poultry_industry_association', 'health_event_action', 'disease_event', 'up']
['us_government_agency', 'subsidy_action', 'subsidy', 'up']
recall_all: 0.0625 precision_all: 0.025
Labels:
['market', 'report_action', 'production', 'ambiguous']
['united_states', 'forecast_action', 'production', 'down']
['us_government_agency', 'forecast_action', 'price', 'down']

===== RAW GENERATION (decoded) =====
The observed trend in the data indicates a significant drop in U.S. Retail Broiler Composite prices in the current month, following a period of relative stability. This sharp decline could be attributed to several factors. Increased production by poultry companies might have led to a surplus, driving down prices. Alternatively, a decrease in consumer demand, possibly due to economic downturns or health concerns, could be a contributing factor. Trade policy changes, such as increased tariffs, might have reduced exports, affecting domestic supply and demand. Additionally, market forecasts predicting lower prices could have influenced current pricing strategies. Lastly, government subsidies to poultry companies might have lowered production costs, enabling price reductions.

The significant drop in U.S. Retail Broiler Composite prices in the current month could be driven by several factors. Increased production by poultry companies could have led to a surplus, reducing prices. A decrease in consumer demand, possibly due to economic factors or health concerns, might also be a contributing factor. Changes in trade policies, such as increased tariffs, could have reduced exports, impacting domestic supply and demand. Market forecasts predicting lower prices might have influenced current pricing strategies. Additionally, government subsidies to poultry companies could have lowered production costs, enabling price reductions.

The observed trend in the data indicates a significant drop in U.S. Retail Broiler Composite prices in the current month, following a period of relative stability. This sharp decline could be attributed to several factors. Increased production by poultry companies might have led to a surplus, driving down prices. Alternatively, a decrease in consumer demand, possibly due to economic downturns or health concerns, could be a contributing factor. Trade policy changes, such as increased tariffs, might have reduced exports, affecting domestic supply and demand. Additionally, market forecasts predicting lower prices could have influenced current pricing strategies. Lastly, government subsidies to poultry companies might have lowered production costs, enabling price reductions.

The significant drop in U.S. Retail Broiler Composite prices in the current month could be driven by several factors. Increased production by poultry companies could have led to a surplus, reducing prices. A decrease in consumer demand, possibly due to economic factors or health concerns, might also be a contributing factor. Changes in trade policies, such as increased tariffs, could have reduced exports, impacting domestic supply and demand. Market forecasts predicting lower prices might have influenced current pricing strategies. Additionally, government subsidies to poultry companies could have lowered production costs, enabling price reductions.

The observed trend in the data indicates a significant drop in U.S. Retail Broiler Composite prices in the current month, following a period of relative stability. This sharp decline could be attributed to several factors. Increased production by poultry companies might have led to a surplus, driving down prices. Alternatively, a decrease in consumer demand, possibly due to economic downturns or health concerns, could be a contributing factor. Trade policy changes, such as increased tariffs, might have reduced exports, affecting domestic supply and demand. Additionally, market forecasts predicting lower prices could have influenced current pricing strategies. Lastly, government subsidies to poultry companies might have lowered production costs, enabling price reductions.

The significant drop in U.S. Retail Broiler Composite prices in the current month could be driven by several factors. Increased production by poultry companies could have led to a surplus, reducing prices. A decrease in consumer demand, possibly due to economic factors or health concerns, might also be a contributing factor. Changes in trade policies, such as increased tariffs, could have reduced exports, impacting domestic supply and demand. Market forecasts predicting lower prices might have influenced current pricing strategies. Additionally, government subsidies to poultry companies could have lowered production costs, enabling price reductions.

The observed trend in the data indicates a significant drop in U.S. Retail Broiler Composite prices in the current month, following a period of relative stability. This sharp decline could be attributed to several factors. Increased production by poultry companies might have led to a surplus, driving down prices. Alternatively, a decrease in consumer demand, possibly due to economic downturns or health concerns, could be a contributing factor. Trade policy changes, such as increased tariffs, might have reduced exports, affecting domestic supply and demand. Additionally, market forecasts predicting lower prices could have influenced current pricing strategies. Lastly, government subsidies to poultry companies might have lowered production costs, enabling price reductions.

The significant drop in U.S. Retail Broiler Composite prices in the current month could be driven by several factors. Increased production by poultry companies could have led to a surplus, reducing prices. A decrease in consumer demand, possibly due to economic factors or health concerns, might also be a contributing factor. Changes in trade policies, such as increased tariffs, could have reduced exports, impacting domestic supply and demand. Market forecasts predicting lower prices might have influenced current pricing strategies. Additionally, government subsidies to poultry companies could have lowered production costs, enabling price reductions.

The observed trend in the data indicates a significant drop in U.S. Retail Broiler Composite prices in the current month, following a period of relative stability. This sharp decline could be attributed to several factors. Increased production by poultry companies might have led to a surplus, driving down prices. Alternatively, a decrease in consumer demand, possibly due to economic downturns or health concerns, could be a contributing factor. Trade policy changes, such as increased tariffs, might have reduced exports, affecting domestic supply and demand. Additionally, market forecasts predicting lower prices could have influenced current pricing strategies. Lastly, government subsidies to poultry companies might have lowered production costs, enabling price reductions.

The significant drop in U.S. Retail Broiler Composite prices in the current month could be driven by several factors. Increased production by poultry companies could have led to a surplus, reducing prices. A decrease in consumer demand, possibly due to economic factors or health concerns, might also be a contributing factor. Changes in trade policies, such as increased tariffs, could have reduced exports, impacting domestic supply and demand. Market forecasts predicting lower prices might have influenced current pricing strategies. Additionally, government subsidies to poultry companies could have lowered production costs, enabling price reductions.

The observed trend in the data indicates a significant drop in U.S. Retail Broiler Composite prices in the current month, following a period of relative stability. This sharp decline could be attributed to several factors. Increased production by poultry companies might have led to a surplus, driving down prices. Alternatively, a decrease in consumer demand, possibly due to economic downturns or health concerns, could be a contributing factor. Trade policy changes, such as increased tariffs, might have reduced exports, affecting domestic supply and demand. Additionally, market forecasts predicting lower prices could have influenced current pricing strategies. Lastly, government subsidies to poultry companies might have lowered production costs, enabling price reductions.

The significant drop in U.S. Retail Broiler Composite prices in the current month could be driven by several factors. Increased production by poultry companies could have led to a surplus, reducing prices. A decrease in consumer demand, possibly due to economic factors or health concerns, might also be a contributing factor. Changes in trade policies, such as increased tariffs, could have reduced exports, impacting domestic supply and demand. Market forecasts predicting lower prices might have influenced current pricing strategies. Additionally, government subsidies to poultry companies could have lowered production costs, enabling price reductions.

The observed trend in the data indicates a significant drop in U.S. Retail Broiler Composite prices in the current month, following a period of relative stability. This sharp decline could be attributed to several factors. Increased production by poultry companies might have led to a surplus, driving down prices. Alternatively, a decrease in consumer demand, possibly due to economic downturns or health concerns, could be a contributing factor. Trade policy changes, such as increased tariffs, might have reduced exports, affecting domestic supply and demand. Additionally, market forecasts predicting lower prices could have influenced current pricing strategies. Lastly, government subsidies to poultry companies might have lowered production costs, enabling price reductions.

The significant drop in U.S. Retail Broiler Composite prices in the current month could be driven by several factors. Increased production by poultry companies could have led to a surplus, reducing prices. A decrease in consumer demand, possibly due to economic factors or health concerns, might also be a contributing factor. Changes in trade policies, such as increased tariffs, could have reduced exports, impacting domestic supply and demand. Market forecasts predicting lower prices might have influenced current pricing strategies. Additionally, government subsidies to poultry companies could have lowered production costs, enabling price reductions.

The observed trend in the data indicates a significant drop in U.S. Retail Broiler Composite prices in the current month, following a period of relative stability. This sharp decline could be attributed to several factors. Increased production by poultry companies might have led to a surplus, driving down prices. Alternatively, a decrease in consumer demand, possibly due to economic downturns or health concerns, could be a contributing factor. Trade policy changes, such as increased tariffs, might have reduced exports, affecting domestic supply and demand. Additionally, market forecasts predicting lower prices could have influenced current pricing strategies. Lastly, government subsidies to poultry companies might have lowered production costs, enabling price reductions.

The significant drop in U.S. Retail Broiler Composite prices in the current month could be driven by several factors. Increased production by poultry companies could have led to a surplus, reducing prices. A decrease in consumer demand, possibly due to economic factors or health concerns, might also be a contributing factor. Changes in trade policies, such as increased tariffs, could have reduced exports, impacting domestic supply and demand. Market forecasts predicting lower prices might have influenced current pricing strategies. Additionally, government subsidies to poultry companies could have lowered production costs, enabling price reductions.

The observed trend in the data indicates a significant drop in U.S. Retail Broiler Composite prices in the current month, following a period of relative stability. This sharp decline could be attributed to several factors. Increased production by poultry companies might have led to a surplus, driving down prices. Alternatively, a decrease in consumer demand, possibly due to economic downturns or health concerns, could be a contributing factor. Trade policy changes, such as increased tariffs, might have reduced exports, affecting domestic supply and demand. Additionally, market forecasts predicting lower prices could have influenced current pricing strategies. Lastly, government subsidies to poultry companies might have lowered production costs, enabling price reductions.

The significant drop in U.S. Retail Broiler Composite prices in the current month could be driven by several factors. Increased production by poultry companies could have led to a surplus, reducing prices. A decrease in consumer demand, possibly due to economic factors or health concerns, might also be a contributing factor. Changes in trade policies, such as increased tariffs, could have reduced exports, impacting domestic supply and demand. Market forecasts predicting lower prices might have influenced current pricing strategies. Additionally, government subsidies to poultry companies could have lowered production costs, enabling price reductions.

The observed trend in the data indicates a significant drop in U.S. Retail Broiler Composite prices in the current month, following a period of relative stability. This sharp decline could be attributed to several factors. Increased production by poultry companies might have led to a surplus, driving down prices. Alternatively, a decrease in consumer demand, possibly due to economic downturns or health concerns, could be a contributing factor. Trade policy changes, such as increased tariffs, might have reduced exports, affecting domestic supply and demand. Additionally, market forecasts predicting lower prices could have influenced current pricing strategies. Lastly, government subsidies to poultry companies might have lowered production costs, enabling price reductions.

The significant drop in U.S. Retail Broiler Composite prices in the current month could be driven by several factors. Increased production by poultry companies could have led to a surplus, reducing prices. A decrease in consumer demand, possibly due to economic factors or health concerns, might also be a contributing factor. Changes in trade policies, such as increased tariffs, could have reduced exports, impacting domestic supply and demand. Market forecasts predicting lower prices might have influenced current pricing strategies. Additionally, government subsidies to poultry companies could have lowered production costs, enabling price reductions.

The observed trend in the data indicates a significant drop in U.S. Retail Broiler Composite prices in the current month, following a period of relative stability. This sharp decline could be attributed to several factors. Increased production by poultry companies might have led to a surplus, driving down prices. Alternatively, a decrease in consumer demand, possibly due to economic downturns or health concerns, could be a contributing factor. Trade policy changes, such as increased tariffs, might have reduced exports, affecting domestic supply and demand. Additionally, market forecasts predicting lower prices could have influenced current pricing strategies. Lastly, government subsidies to poultry companies might have lowered production costs, enabling price reductions.

The significant drop in U.S. Retail Broiler Composite prices in the current month could be driven by several factors. Increased production by poultry companies could have led to a surplus, reducing prices. A decrease in consumer demand, possibly due to economic factors or health concerns, might also be a contributing factor. Changes in trade policies, such as increased tariffs, could have reduced exports, impacting domestic supply and demand. Market forecasts predicting lower prices might have influenced current pricing strategies. Additionally, government subsidies to poultry companies could have lowered production costs, enabling price reductions.

The observed trend in the data indicates a significant drop in U.S. Retail Broiler Composite prices in the current month, following a period of relative stability. This sharp decline could be attributed to several factors. Increased production by poultry companies might have led to a surplus, driving down prices. Alternatively, a decrease in consumer demand, possibly due to economic downturns or health concerns, could be a contributing factor. Trade policy changes, such as increased tariffs, might have reduced exports, affecting domestic supply and demand. Additionally, market forecasts predicting lower prices could have influenced current pricing strategies. Lastly, government subsidies to poultry companies might have lowered production costs, enabling price reductions.

The significant drop in U.S. Retail Broiler Composite prices in the current month could be driven by several factors. Increased production by poultry companies could have led to a surplus, reducing prices. A decrease in consumer demand, possibly due to economic factors or health concerns, might also be a contributing factor. Changes in trade policies, such as increased tariffs, could have reduced exports, impacting domestic supply and demand. Market forecasts predicting lower prices might have influenced current pricing strategies. Additionally, government subsidies to poultry companies could have lowered production costs, enabling price reductions.

The observed trend in the data indicates a significant drop in U.S. Retail Broiler Composite prices in the current month, following a period of relative stability. This sharp decline could be attributed to several factors. Increased production by poultry companies might have led to a surplus, driving down prices. Alternatively, a decrease in consumer demand, possibly due to economic downturns or health concerns, could be a contributing factor. Trade policy changes, such as increased tariffs, might have reduced exports, affecting domestic supply and demand. Additionally, market forecasts predicting lower prices could have influenced current pricing strategies. Lastly, government subsidies to poultry companies might have lowered production costs, enabling price reductions.

The significant drop in U.S. Retail Broiler Composite prices in the current month could be driven by several factors. Increased production by poultry companies could have led to a surplus, reducing prices. A decrease in consumer demand, possibly due to economic factors or health concerns, might also be a contributing factor. Changes in trade policies, such as increased tariffs, could have reduced exports, impacting domestic supply and demand. Market forecasts predicting lower prices might have influenced current pricing strategies. Additionally, government subsidies to poultry companies could have lowered production costs, enabling price reductions.

The observed trend in the data indicates a significant drop in U.S. Retail Broiler Composite prices in the current month, following a period of relative stability. This sharp decline could be attributed to several factors. Increased production by poultry companies might have led to a surplus, driving down prices. Alternatively, a decrease in consumer demand, possibly due to economic downturns or health concerns, could be a contributing factor. Trade policy changes, such as increased tariffs, might have reduced exports, affecting domestic supply and demand. Additionally, market forecasts predicting lower prices could have influenced current pricing strategies. Lastly, government subsidies to poultry companies might have lowered production costs, enabling price reductions.

The significant drop in U.S. Retail Broiler Composite prices in the current month could be driven by several factors. Increased production by poultry companies could have led to a surplus, reducing prices. A decrease in consumer demand, possibly due to economic factors or health concerns, might also be a contributing factor. Changes in trade policies, such as increased tariffs, could have reduced exports, impacting domestic supply and demand. Market forecasts predicting lower prices might have influenced current pricing strategies. Additionally, government subsidies to poultry companies could have lowered production costs, enabling price reductions.

The observed trend in the data indicates a significant drop in U.S. Retail Broiler Composite prices in the current month, following a period of relative stability. This sharp decline could be attributed to several factors. Increased production by poultry companies might have led to a surplus, driving down prices. Alternatively, a decrease in consumer demand, possibly due to economic downturns or health concerns, could be a contributing factor. Trade policy changes, such as increased tariffs, might have reduced exports, affecting domestic supply and demand. Additionally, market forecasts predicting lower prices could have influenced current pricing strategies. Lastly, government subsidies to poultry companies might have lowered production costs, enabling price reductions.

The significant drop in U.S. Retail Broiler Composite prices in the current month could be driven by several factors. Increased production by poultry companies could have led to a surplus, reducing prices. A decrease in consumer demand, possibly due to economic factors or health concerns, might also be a contributing factor. Changes in trade policies, such as increased tariffs, could have reduced exports, impacting domestic supply and demand. Market forecasts predicting lower prices might have influenced current pricing strategies. Additionally, government subsidies to poultry companies could have lowered production costs, enabling price reductions.

The observed trend in the data indicates a significant drop in U.S. Retail Broiler Composite prices in the current month, following a period of relative stability. This sharp decline could be attributed to several factors. Increased production by poultry companies might have led to a surplus, driving down prices. Alternatively, a decrease in consumer demand, possibly due to economic downturns or health concerns, could be a contributing factor. Trade policy changes, such as increased tariffs, might have reduced exports, affecting domestic supply and demand. Additionally, market forecasts predicting lower prices could have influenced current pricing strategies. Lastly, government subsidies to poultry companies might have lowered production costs, enabling price reductions.

The significant drop in U.S. Retail Broiler Composite prices in the current month could be driven by several factors. Increased production by poultry companies could have led to a surplus, reducing prices. A decrease in consumer demand, possibly due to economic factors or health concerns, might also be a contributing factor. Changes in trade policies, such as increased tariffs, could have reduced exports, impacting domestic supply and demand. Market forecasts predicting lower prices might have influenced current pricing strategies. Additionally, government subsidies to poultry companies could have lowered production costs, enabling price reductions.

The observed trend in the data indicates a significant drop in U.S. Retail Broiler Composite prices in the current month, following a period of relative stability. This sharp decline could be attributed to several factors. Increased production by poultry companies might have led to a surplus, driving down prices. Alternatively, a decrease in consumer demand, possibly due to economic downturns or health concerns, could be a contributing factor. Trade policy changes, such as increased tariffs, might have reduced exports, affecting domestic supply and demand. Additionally, market forecasts predicting lower prices could have influenced current pricing strategies. Lastly, government subsidies to poultry companies might have lowered production costs, enabling price reductions.

The significant drop in U.S. Retail Broiler Composite prices in the current month could be driven by several factors. Increased production by poultry companies could have led to a surplus, reducing prices. A decrease in consumer demand, possibly due to economic factors or health concerns, might also be a contributing factor. Changes in trade policies, such as increased tariffs, could have reduced exports, impacting domestic supply and demand. Market forecasts predicting lower prices might have influenced current pricing strategies. Additionally, government subsidies to poultry companies could have lowered production costs, enabling price reductions.

The observed trend in the data indicates a significant drop in U.S. Retail Broiler Composite prices in the current month, following a period of relative stability. This sharp decline could be attributed to several factors. Increased production by poultry companies might have led to a surplus, driving down prices. Alternatively, a decrease in consumer demand, possibly due to economic downturns or health concerns, could be a contributing factor. Trade policy changes, such as increased tariffs, might have reduced exports, affecting domestic supply and demand. Additionally, market forecasts predicting lower prices could have influenced current pricing strategies. Lastly, government subsidies to poultry companies might have lowered production costs, enabling price reductions.

The significant drop in U.S. Retail Broiler Composite prices in the current month could be driven by several factors. Increased production by poultry companies could have led to a surplus, reducing prices. A decrease in consumer demand, possibly due to economic factors or health concerns, might also be a contributing factor. Changes in trade policies, such as increased tariffs, could have reduced exports, impacting domestic supply and demand. Market forecasts predicting lower prices might have influenced current pricing strategies. Additionally, government subsidies to poultry companies could have lowered production costs, enabling price reductions.

The observed trend in the data indicates a significant drop in U.S. Retail Broiler Composite prices in the current month, following a period of relative stability. This sharp decline could be attributed to several factors. Increased production by poultry companies might have led to a surplus, driving down prices. Alternatively, a decrease in consumer demand, possibly due to economic downturns or health concerns, could be a contributing factor. Trade policy changes, such as increased tariffs, might have reduced exports, affecting domestic supply and demand. Additionally, market forecasts predicting lower prices could have influenced current pricing strategies. Lastly, government subsidies to poultry companies might have lowered production costs, enabling price reductions.

The significant drop in U.S. Retail Broiler Composite prices in the current month could be driven by several factors. Increased production by poultry companies could have led to a surplus, reducing prices. A decrease in consumer demand, possibly due to economic factors or health concerns, might also be a contributing factor. Changes in trade policies, such as increased tariffs, could have reduced exports, impacting domestic supply and demand. Market forecasts predicting lower prices might have influenced current pricing strategies. Additionally, government subsidies to poultry companies could have lowered production costs, enabling price reductions.

The observed trend in the data indicates a significant drop in U.S. Retail Broiler Composite prices in the current month, following a period of relative stability. This sharp decline could be attributed to several factors. Increased production by poultry companies might have led to a surplus, driving down prices. Alternatively, a decrease in consumer demand, possibly due to economic downturns or health concerns, could be a contributing factor. Trade policy changes, such as increased tariffs, might have reduced exports, affecting domestic supply and demand. Additionally, market forecasts predicting lower prices could have influenced current pricing strategies. Lastly, government subsidies to poultry companies might have lowered production costs, enabling price reductions.

The significant drop in U.S. Retail Broiler Composite prices in the current month could be driven by several factors. Increased production by poultry companies could have led to a surplus, reducing prices. A decrease in consumer demand, possibly due to economic factors or health concerns, might also be a contributing factor. Changes in trade policies, such as increased tariffs, could have reduced exports, impacting domestic supply and demand. Market forecasts predicting lower prices might have influenced current pricing strategies. Additionally, government subsidies to poultry companies could have lowered production costs, enabling price reductions.

The observed trend in the data indicates a significant drop in U.S. Retail Broiler Composite prices in the current month, following a period of relative stability. This sharp decline could be attributed to several factors. Increased production by poultry companies might have led to a surplus, driving down prices. Alternatively, a decrease in consumer demand, possibly due to economic downturns or health concerns, could be a contributing factor. Trade policy changes, such as increased tariffs, might have reduced exports, affecting domestic supply and demand. Additionally, market forecasts predicting lower prices could have influenced current pricing strategies. Lastly, government subsidies to poultry companies might have lowered production costs, enabling price reductions.

The significant drop in U.S. Retail Broiler Composite prices in the current month could be driven by several factors. Increased production by poultry companies could have led to a surplus, reducing prices. A decrease in consumer demand, possibly due to economic factors or health concerns, might also be a contributing factor. Changes in trade policies, such as increased tariffs, could have reduced exports, impacting domestic supply and demand. Market forecasts predicting lower prices might have influenced current pricing strategies. Additionally, government subsidies to poultry companies could have lowered production costs, enabling price reductions.

The observed trend in the data indicates a significant drop in U.S. Retail Broiler Composite prices in the current month, following a period of relative stability. This sharp decline could be attributed to several factors. Increased production by poultry companies might have led to a surplus, driving down prices. Alternatively, a decrease in consumer demand, possibly due to economic downturns or health concerns, could be a contributing factor. Trade policy changes, such as increased tariffs, might have reduced exports, affecting domestic supply and demand. Additionally, market forecasts predicting lower prices could have influenced current pricing strategies. Lastly, government subsidies to poultry companies might have lowered production costs, enabling price reductions.

The significant drop in U.S. Retail Broiler Composite prices in the current month could be driven by several factors. Increased production by poultry companies could have led to a surplus, reducing prices. A decrease in consumer demand, possibly due to economic factors or health concerns, might also be a contributing factor. Changes in trade policies, such as increased tariffs, could have reduced exports, impacting domestic supply and demand. Market forecasts predicting lower prices might have influenced current pricing strategies. Additionally, government subsidies to poultry companies could have lowered production costs, enabling price reductions.

The observed trend in the data indicates a significant drop in U.S. Retail Broiler Composite prices in the current month, following a period of relative stability. This sharp decline could be attributed to several factors. Increased production by poultry companies might have led to a surplus, driving down prices. Alternatively, a decrease in consumer demand, possibly due to economic downturns or health concerns, could be a contributing factor. Trade policy changes, such as increased tariffs, might have reduced exports, affecting domestic supply and demand. Additionally, market forecasts predicting lower prices could have influenced current pricing strategies. Lastly, government subsidies to poultry companies might have lowered production costs, enabling price reductions.

The significant drop in U.S. Retail Broiler Composite prices in the current month could be driven by several factors. Increased production by poultry companies could have led to a surplus, reducing prices. A decrease in consumer demand, possibly due to economic factors or health concerns, might also be a contributing factor. Changes in trade policies, such as increased tariffs, could have reduced exports, impacting domestic supply and demand. Market forecasts predicting lower prices might have influenced current pricing strategies. Additionally, government subsidies to poultry companies could have lowered production costs, enabling price reductions.

The observed trend in the data indicates a significant drop in U.S. Retail Broiler Composite prices in the current month, following a period of relative stability. This sharp decline could be attributed to several factors. Increased production by poultry companies might have led to a surplus, driving down prices. Alternatively, a decrease in consumer demand, possibly due to economic downturns or health concerns, could be a contributing factor. Trade policy changes, such as increased tariffs, might have reduced exports, affecting domestic supply and demand. Additionally, market forecasts predicting lower prices could have influenced current pricing strategies. Lastly, government subsidies to poultry companies might have lowered production costs, enabling price reductions.

The significant drop in U.S. Retail Broiler Composite prices in the current month could be driven by several factors. Increased production by poultry companies could have led to a surplus, reducing prices. A decrease in consumer demand, possibly due to economic factors or health concerns, might also be a contributing factor. Changes in trade policies, such as increased tariffs, could have reduced exports, impacting domestic supply and demand. Market forecasts predicting lower prices might have influenced current pricing strategies. Additionally, government subsidies to poultry companies could have lowered production costs, enabling price reductions.

The observed trend in the data indicates a significant drop in U.S. Retail Broiler Composite prices in the current month, following a period of relative stability. This sharp decline could be attributed to several factors. Increased production by poultry companies might have led to a surplus, driving down prices. Alternatively, a decrease in consumer demand, possibly due to economic downturns or health concerns, could be a contributing factor. Trade policy changes, such as increased tariffs, might have reduced exports, affecting domestic supply and demand. Additionally, market forecasts predicting lower prices could have influenced current pricing strategies. Lastly, government subsidies to poultry companies might have lowered production costs, enabling price reductions.

The significant drop in U.S. Retail Broiler Composite prices in the current month could be driven by several factors. Increased production by poultry companies could have led to a surplus, reducing prices. A decrease in consumer demand, possibly due to economic factors or health concerns, might also be a contributing factor. Changes in trade policies, such as increased tariffs, could have reduced exports, impacting domestic supply and demand. Market forecasts predicting lower prices might have influenced current pricing strategies. Additionally, government subsidies to poultry companies could have lowered production costs, enabling price reductions.

The observed trend in the data indicates a significant drop in U.S. Retail Broiler Composite prices in the current month, following a period of relative stability. This sharp decline could be attributed to several factors. Increased production by poultry companies might have led to a surplus, driving down prices. Alternatively, a decrease in consumer demand, possibly due to economic downturns or health concerns, could be a contributing factor. Trade policy changes, such as increased tariffs, might have reduced exports, affecting domestic supply and demand. Additionally, market forecasts predicting lower prices could have influenced current pricing strategies. Lastly, government subsidies to poultry companies might have lowered production costs, enabling price reductions.

The significant drop in U.S. Retail Broiler Composite prices in the current month could be driven by several factors. Increased production by poultry companies could have led to a surplus, reducing prices. A decrease in consumer demand, possibly due to economic factors or health concerns, might also be a contributing factor. Changes in trade policies, such as increased tariffs, could have reduced exports, impacting domestic supply and demand. Market forecasts predicting lower prices might have influenced current pricing strategies. Additionally, government subsidies to poultry companies could have lowered production costs, enabling price reductions.

The observed trend in the data indicates a significant drop in U.S. Retail Broiler Composite prices in the current month, following a period of relative stability. This sharp decline could be attributed to several factors. Increased production by poultry companies might have led to a surplus, driving down prices. Alternatively, a decrease in consumer demand, possibly due to economic downturns or health concerns, could be a contributing factor. Trade policy changes, such as increased tariffs, might have reduced exports, affecting domestic supply and demand. Additionally, market forecasts predicting lower prices could have influenced current pricing strategies. Lastly, government subsidies to poultry companies might have lowered production costs, enabling price reductions.

The significant drop in U.S. Retail Broiler Composite prices in the current month could be driven by several factors. Increased production by poultry companies could have led to a surplus, reducing prices. A decrease in consumer demand, possibly due to economic factors or health concerns, might also be a contributing factor. Changes in trade policies, such as increased tariffs, could have reduced exports, impacting domestic supply and demand. Market forecasts predicting lower prices might have influenced current pricing strategies. Additionally, government subsidies to poultry companies could have lowered production costs, enabling price reductions.

The observed trend in the data indicates a significant drop in U.S. Retail Broiler Composite prices in the current month, following a period of relative stability. This sharp decline could be attributed to several factors. Increased production by poultry companies might have led to a surplus, driving down prices. Alternatively, a decrease in consumer demand, possibly due to economic downturns or health concerns, could be a contributing factor. Trade policy changes, such as increased tariffs, might have reduced exports, affecting domestic supply and demand. Additionally, market forecasts predicting lower prices could have influenced current pricing strategies. Lastly, government subsidies to poultry companies might have lowered production costs, enabling price reductions.

The significant drop in U.S. Retail Broiler Composite prices in the current month could be driven by several factors. Increased production by poultry companies could have led to a surplus, reducing prices. A decrease in consumer demand, possibly due to economic factors or health concerns, might also be a contributing factor. Changes in trade policies, such as increased tariffs, could have reduced exports, impacting domestic supply and demand. Market forecasts predicting lower prices might have influenced current pricing strategies. Additionally, government subsidies to poultry companies could have lowered production costs, enabling price reductions.

The observed trend in the data indicates a significant drop in U.S. Retail Broiler Composite prices in the current month, following a period of relative stability. This sharp decline could be attributed to several factors. Increased production by poultry companies might have led to a surplus, driving down prices. Alternatively, a decrease in consumer demand, possibly due to economic downturns or health concerns, could be a contributing factor. Trade policy changes, such as increased tariffs, might have reduced exports, affecting domestic supply and demand. Additionally, market forecasts predicting lower prices could have influenced current pricing strategies. Lastly, government subsidies to poultry companies might have lowered production costs, enabling price reductions.

The significant drop in U.S. Retail Broiler Composite prices in the current month could be driven by several factors. Increased production by poultry companies could have led to a surplus, reducing prices. A decrease in consumer demand, possibly due to economic factors or health concerns, might also be a contributing factor. Changes in trade policies, such as increased tariffs, could have reduced exports, impacting domestic supply and demand. Market forecasts predicting lower prices might have influenced current pricing strategies. Additionally, government subsidies to poultry companies could have lowered production costs, enabling price reductions.

The observed trend in the data indicates a significant drop in U.S. Retail Broiler Composite prices in the current month, following a period of relative stability. This sharp decline could be attributed to several factors. Increased production by poultry companies might have led to a surplus, driving down prices. Alternatively, a decrease in consumer demand, possibly due to economic downturns or health concerns, could be a contributing factor. Trade policy changes, such as increased tariffs, might have reduced exports, affecting domestic supply and demand. Additionally, market forecasts predicting lower prices could have influenced current pricing strategies. Lastly, government subsidies to poultry companies might have lowered production costs, enabling price reductions.

The significant drop in U.S. Retail Broiler Composite prices in the current month could be driven by several factors. Increased production by poultry companies could have led to a surplus, reducing prices. A decrease in consumer demand, possibly due to economic factors or health concerns, might also be a contributing factor. Changes in trade policies, such as increased tariffs, could have reduced exports, impacting domestic supply and demand. Market forecasts predicting lower prices might have influenced current pricing strategies. Additionally, government subsidies to poultry companies could have lowered production costs, enabling price reductions.

The observed trend in the data indicates a significant drop in U.S. Retail Broiler Composite prices in the current month, following a period of relative stability. This sharp decline could be attributed to several factors. Increased production by poultry companies might have led to a surplus, driving down prices. Alternatively, a decrease in consumer demand, possibly due to economic downturns or health concerns, could be a contributing factor. Trade policy changes, such as increased tariffs, might have reduced exports, affecting domestic supply and demand. Additionally, market forecasts predicting lower prices could have influenced current pricing strategies. Lastly, government subsidies to poultry companies might have lowered production costs, enabling price reductions.

The significant drop in U.S. Retail Broiler Composite prices in the current month could be driven by several factors. Increased production by poultry companies could have led to a surplus, reducing prices. A decrease in consumer demand, possibly due to economic factors or health concerns, might also be a contributing factor. Changes in trade policies, such as increased tariffs, could have reduced exports, impacting domestic supply and demand. Market forecasts predicting lower prices might have influenced current pricing strategies. Additionally, government subsidies to poultry companies could have lowered production costs, enabling price reductions.

The observed trend in the data indicates a significant drop in U.S. Retail Broiler Composite prices in the current month, following a period of relative stability. This sharp decline could be attributed to several factors. Increased production by poultry companies might have led to a surplus, driving down prices. Alternatively, a decrease in consumer demand, possibly due to economic downturns or health concerns, could be a contributing factor. Trade policy changes, such as increased tariffs, might have reduced exports, affecting domestic supply and demand. Additionally, market forecasts predicting lower prices could have influenced current pricing strategies. Lastly, government subsidies to poultry companies might have lowered production costs, enabling price reductions.

The significant drop in U.S. Retail Broiler Composite prices in the current month could be driven by several factors. Increased production by poultry companies could have led to a surplus, reducing prices. A decrease in consumer demand, possibly due to economic factors or health concerns, might also be a contributing factor. Changes in trade policies, such as increased tariffs, could have reduced exports, impacting domestic supply and demand. Market forecasts predicting lower prices might have influenced current pricing strategies. Additionally, government subsidies to poultry companies could have lowered production costs, enabling price reductions.

The observed trend in the data indicates a significant drop in U.S. Retail Broiler Composite prices in the current month, following a period of relative stability. This sharp decline could be attributed to several factors. Increased production by poultry companies might have led to a surplus, driving down prices. Alternatively, a decrease in consumer demand, possibly due to economic downturns or health concerns, could be a contributing factor. Trade policy changes, such as increased tariffs, might have reduced exports, affecting domestic supply and demand. Additionally, market forecasts predicting lower prices could have influenced current pricing strategies. Lastly, government subsidies to poultry companies might have lowered production costs, enabling price reductions.

The significant drop in U.S. Retail Broiler Composite prices in the current month could be driven by several factors. Increased production by poultry companies could have led to a surplus, reducing prices. A decrease in consumer demand, possibly due to economic factors or health concerns, might also be a contributing factor. Changes in trade policies, such as increased tariffs, could have reduced exports, impacting domestic supply and demand. Market forecasts predicting lower prices might have influenced current pricing strategies. Additionally, government subsidies to poultry companies could have lowered production costs, enabling price reductions.

The observed trend in the data indicates a significant drop in U.S. Retail Broiler Composite prices in the current month, following a period of relative stability. This sharp decline could be attributed to several factors. Increased production by poultry companies might have led to a surplus, driving down prices. Alternatively, a decrease in consumer demand, possibly due to economic downturns or health concerns, could be a contributing factor. Trade policy changes, such as increased tariffs, might have reduced exports, affecting domestic supply and demand. Additionally, market forecasts predicting lower prices could have influenced current pricing strategies. Lastly, government subsidies to poultry companies might have lowered production costs, enabling price reductions.

The significant drop in U.S. Retail Broiler Composite prices in the current month could be driven by several factors. Increased production by poultry companies could have led to a surplus, reducing prices. A decrease in consumer demand, possibly due to economic factors or health concerns, might also be a contributing factor. Changes in trade policies, such as increased tariffs, could have reduced exports, impacting domestic supply and demand. Market forecasts predicting lower prices might have influenced current pricing strategies. Additionally, government subsidies to poultry companies could have lowered production costs, enabling price reductions.

The observed trend in the data indicates a significant drop in U.S. Retail Broiler Composite prices in the current month, following a period of relative stability. This sharp decline could be attributed to several factors. Increased production by poultry companies might have led to a surplus, driving down prices. Alternatively, a decrease in consumer demand, possibly due to economic downturns or health concerns, could be a contributing factor. Trade policy changes, such as increased tariffs, might have reduced exports, affecting domestic supply and demand. Additionally, market forecasts predicting lower prices could have influenced current pricing strategies. Lastly, government subsidies to poultry companies might have lowered production costs, enabling price reductions.

The significant drop in U.S. Retail Broiler Composite prices in the current month could be driven by several factors. Increased production by poultry companies could have led to a surplus, reducing prices. A decrease in consumer demand, possibly due to economic factors or health concerns, might also be a contributing factor. Changes in trade policies, such as increased tariffs, could have reduced exports, impacting domestic supply and demand. Market forecasts predicting lower prices might have influenced current pricing strategies. Additionally, government subsidies to poultry companies could have lowered production costs, enabling price reductions.

The observed trend in the data indicates a significant drop in U.S. Retail Broiler Composite prices in the current month, following a period of relative stability. This sharp decline could be attributed to several factors. Increased production by poultry companies might have led to a surplus, driving down prices. Alternatively, a decrease in consumer demand, possibly due to economic downturns or health concerns, could be a contributing factor. Trade policy changes, such as increased tariffs, might have reduced exports, affecting domestic supply and demand. Additionally, market forecasts predicting lower prices could have influenced current pricing strategies. Lastly, government subsidies to poultry companies might have lowered production costs, enabling price reductions.

The significant drop in U.S. Retail Broiler Composite prices in the current month could be driven by several factors. Increased production by poultry companies could have led to a surplus, reducing prices. A decrease in consumer demand, possibly due to economic factors or health concerns, might also be a contributing factor. Changes in trade policies, such as increased tariffs, could have reduced exports, impacting domestic supply and demand. Market forecasts predicting lower prices might have influenced current pricing strategies. Additionally, government subsidies to poultry companies could have lowered production costs, enabling price reductions.

The observed trend in the data indicates a significant drop in U.S. Retail Broiler Composite prices in the current month, following a period of relative stability. This sharp decline could be attributed to several factors. Increased production by poultry companies might have led to a surplus, driving down prices. Alternatively, a decrease in consumer demand, possibly due to economic downturns or health concerns, could be a contributing factor. Trade policy changes, such as increased tariffs, might have reduced exports, affecting domestic supply and demand. Additionally, market forecasts predicting lower prices could have influenced current pricing strategies. Lastly, government subsidies to poultry companies might have lowered production costs, enabling price reductions.

The significant drop in U.S. Retail Broiler Composite prices in the current month could be driven by several factors. Increased production by poultry companies could have led to a surplus, reducing prices. A decrease in consumer demand, possibly due to economic factors or health concerns, might also be a contributing factor. Changes in trade policies, such as increased tariffs, could have reduced exports, impacting domestic supply and demand. Market forecasts predicting lower prices might have influenced current pricing strategies. Additionally, government subsidies to poultry companies could have lowered production costs, enabling price reductions.

The observed trend in the data indicates a significant drop in U.S. Retail Broiler Composite prices in the current month, following a period of relative stability. This sharp decline could be attributed to several factors. Increased production by poultry companies might have led to a surplus, driving down prices. Alternatively, a decrease in consumer demand, possibly due to economic downturns or health concerns, could be a contributing factor. Trade policy changes, such as increased tariffs, might have reduced exports, affecting domestic supply and demand. Additionally, market forecasts predicting lower prices could have influenced current pricing strategies. Lastly, government subsidies to poultry companies might have lowered production costs, enabling price reductions.

The significant drop in U.S. Retail Broiler Composite prices in the current month could be driven by several factors. Increased production by poultry companies could have led to a surplus, reducing prices. A decrease in consumer demand, possibly due to economic factors or health concerns, might also be a contributing factor. Changes in trade policies, such as increased tariffs, could have reduced exports, impacting domestic supply and demand. Market forecasts predicting lower prices might have influenced current pricing strategies. Additionally, government subsidies to poultry companies could have lowered production costs, enabling price reductions.

The observed trend in the data indicates a significant drop in U.S. Retail Broiler Composite prices in the current month, following a period of relative stability. This sharp decline could be attributed to several factors. Increased production by poultry companies might have led to a surplus, driving down prices. Alternatively, a decrease in consumer demand, possibly due to economic downturns or health concerns, could be a contributing factor. Trade policy changes, such as increased tariffs, might have reduced exports, affecting domestic supply and demand. Additionally, market forecasts predicting lower prices could have influenced current pricing strategies. Lastly, government subsidies to poultry companies might have lowered production costs, enabling price reductions.

The significant drop in U.S. Retail Broiler Composite prices in the current month could be driven by several factors. Increased production by poultry companies could have led to a surplus, reducing prices. A decrease in consumer demand, possibly due to economic factors or health concerns, might also be a contributing factor. Changes in trade policies, such as increased tariffs, could have reduced exports, impacting domestic supply and demand. Market forecasts predicting lower prices might have influenced current pricing strategies. Additionally, government subsidies to poultry companies could have lowered production costs, enabling price reductions.

The observed trend in the data indicates a significant drop in U.S. Retail Broiler Composite prices in the current month, following a period of relative stability. This sharp decline could be attributed to several factors. Increased production by poultry companies might have led to a surplus, driving down prices. Alternatively, a decrease in consumer demand, possibly due to economic downturns or health concerns, could be a contributing factor. Trade policy changes, such as increased tariffs, might have reduced exports, affecting domestic supply and demand. Additionally, market forecasts predicting lower prices could have influenced current pricing strategies. Lastly, government subsidies to poultry companies might have lowered production costs, enabling price reductions.

The significant drop in U.S. Retail Broiler Composite prices in the current month could be driven by several factors. Increased production by poultry companies could have led to a surplus, reducing prices. A decrease in consumer demand, possibly due to economic factors or health concerns, might also be a contributing factor. Changes in trade policies, such as increased tariffs, could have reduced exports, impacting domestic supply and demand. Market forecasts predicting lower prices might have influenced current pricing strategies. Additionally, government subsidies to poultry companies could have lowered production costs, enabling price reductions.

The observed trend in the data indicates a significant drop in U.S. Retail Broiler Composite prices in the current month, following a period of relative stability. This sharp decline could be attributed to several factors. Increased production by poultry companies might have led to a surplus, driving down prices. Alternatively, a decrease in consumer demand, possibly due to economic downturns or health concerns, could be a contributing factor. Trade policy changes, such as increased tariffs, might have reduced exports, affecting domestic supply and demand. Additionally, market forecasts predicting lower prices could have influenced current pricing strategies. Lastly, government subsidies to poultry companies might have lowered production costs, enabling price reductions.

The significant drop in U.S. Retail Broiler Composite prices in the current month could be driven by several factors. Increased production by poultry companies could have led to a surplus, reducing prices. A decrease in consumer demand, possibly due to economic factors or health concerns, might also be a contributing factor. Changes in trade policies, such as increased tariffs, could have reduced exports, impacting domestic supply and demand. Market forecasts predicting lower prices might have influenced current pricing strategies. Additionally, government subsidies to poultry companies could have lowered production costs, enabling price reductions.

The observed trend in the data indicates a significant drop in U.S. Retail Broiler Composite prices in the current month, following a period of relative stability. This sharp decline could be attributed to several factors. Increased production by poultry companies might have led to a surplus, driving down prices. Alternatively, a decrease in consumer demand, possibly due to economic downturns or health concerns, could be a contributing factor. Trade policy changes, such as increased tariffs, might have reduced exports, affecting domestic supply and demand. Additionally, market forecasts predicting lower prices could have influenced current pricing strategies. Lastly, government subsidies to poultry companies might have lowered production costs, enabling price reductions.

The significant drop in U.S. Retail Broiler Composite prices in the current month could be driven by several factors. Increased production by poultry companies could have led to a surplus, reducing prices. A decrease in consumer demand, possibly due to economic factors or health concerns, might also be a contributing factor. Changes in trade policies, such as increased tariffs, could have reduced exports, impacting domestic supply and demand. Market forecasts predicting lower prices might have influenced current pricing strategies. Additionally, government subsidies to poultry companies could have lowered production costs, enabling price reductions.

The observed trend in the data indicates a significant drop in U.S. Retail Broiler Composite prices in the current month, following a period of relative stability. This sharp decline could be attributed to several factors. Increased production by poultry companies might have led to a surplus, driving down prices. Alternatively, a decrease in consumer demand, possibly due to economic downturns or health concerns, could be a contributing factor. Trade policy changes, such as increased tariffs, might have reduced exports, affecting domestic supply and demand. Additionally, market forecasts predicting lower prices could have influenced current pricing strategies. Lastly, government subsidies to poultry companies might have lowered production costs, enabling price reductions.

The significant drop in U.S. Retail Broiler Composite prices in the current month could be driven by several factors. Increased production by poultry companies could have led to a surplus, reducing prices. A decrease in consumer demand, possibly due to economic factors or health concerns, might also be a contributing factor. Changes in trade policies, such as increased tariffs, could have reduced exports, impacting domestic supply and demand. Market forecasts predicting lower prices might have influenced current pricing strategies. Additionally, government subsidies to poultry companies could have lowered production costs, enabling price reductions.

The observed trend in the data indicates a significant drop in U.S. Retail Broiler Composite prices in the current month, following a period of relative stability. This sharp decline could be attributed to several factors. Increased production by poultry companies might have led to a surplus, driving down prices. Alternatively, a decrease in consumer demand, possibly due to economic downturns or health concerns, could be a contributing factor. Trade policy changes, such as increased tariffs, might have reduced exports, affecting domestic supply and demand. Additionally, market forecasts predicting lower prices could have influenced current pricing strategies. Lastly, government subsidies to poultry companies might have lowered production costs, enabling price reductions.

The significant drop in U.S. Retail Broiler Composite prices in the current month could be driven by several factors. Increased production by poultry companies could have led to a surplus, reducing prices. A decrease in consumer demand, possibly due to economic factors or health concerns, might also be a contributing factor. Changes in trade policies, such as increased tariffs, could have reduced exports, impacting domestic supply and demand. Market forecasts predicting lower prices might have influenced current pricing strategies. Additionally, government subsidies to poultry companies could have lowered production costs, enabling price reductions.

The observed trend in the data indicates a significant drop in U.S. Retail Broiler Composite prices in the current month, following a period of relative stability. This sharp decline could be attributed to several factors. Increased production by poultry companies might have led to a surplus, driving down prices. Alternatively, a decrease in consumer demand, possibly due to economic downturns or health concerns, could be a contributing factor. Trade policy changes, such as increased tariffs, might have reduced exports, affecting domestic supply and demand. Additionally, market forecasts predicting lower prices could have influenced current pricing strategies. Lastly, government subsidies to poultry companies might have lowered production costs, enabling price reductions.

The significant drop in U.S. Retail Broiler Composite prices in the current month could be driven by several factors. Increased production by poultry companies could have led to a surplus, reducing prices. A decrease in consumer demand, possibly due to economic factors or health concerns, might also be a contributing factor. Changes in trade policies, such as increased tariffs, could have reduced exports, impacting domestic supply and demand. Market forecasts predicting lower prices might have influenced current pricing strategies. Additionally, government subsidies to poultry companies could have lowered production costs, enabling price reductions.

The observed trend in the data indicates a significant drop in U.S. Retail Broiler Composite prices in the current month, following a period of relative stability. This sharp decline could be attributed to several factors. Increased production by poultry companies might have led to a surplus, driving down prices. Alternatively, a decrease in consumer demand, possibly due to economic downturns or health concerns, could be a contributing factor. Trade policy changes, such as increased tariffs, might have reduced exports, affecting domestic supply and demand. Additionally, market forecasts predicting lower prices could have influenced current pricing strategies. Lastly, government subsidies to poultry companies might have lowered production costs, enabling price reductions.

The significant drop in U.S. Retail Broiler Composite prices in the current month could be driven by several factors. Increased production by poultry companies could have led to a surplus, reducing prices. A decrease in consumer demand, possibly due to economic factors or health concerns, might also be a contributing factor. Changes in trade policies, such as increased tariffs, could have reduced exports, impacting domestic supply and demand. Market forecasts predicting lower prices might have influenced current pricing strategies. Additionally, government subsidies to poultry companies could have lowered production costs, enabling price reductions.

The observed trend in the data indicates a significant drop in U.S. Retail Broiler Composite prices in the current month, following a period of relative stability. This sharp decline could be attributed to several factors. Increased production by poultry companies might have led to a surplus, driving down prices. Alternatively, a decrease in consumer demand, possibly due to economic downturns or health concerns, could be a contributing factor. Trade policy changes, such as increased tariffs, might have reduced exports, affecting domestic supply and demand. Additionally, market forecasts predicting lower prices could have influenced current pricing strategies. Lastly, government subsidies to poultry companies might have lowered production costs, enabling price reductions.

The significant drop in U.S. Retail Broiler Composite prices in the current month could be driven by several factors. Increased production by poultry companies could have led to a surplus, reducing prices. A decrease in consumer demand, possibly due to economic factors or health concerns, might also be a contributing factor. Changes in trade policies, such as increased tariffs, could have reduced exports, impacting domestic supply and demand. Market forecasts predicting lower prices might have influenced current pricing strategies. Additionally, government subsidies to poultry companies could have lowered production costs, enabling price reductions.

The observed trend in the data indicates a significant drop in U.S. Retail Broiler Composite prices in the current month, following a period of relative stability. This sharp decline could be attributed to several factors. Increased production by poultry companies might have led to a surplus, driving down prices. Alternatively, a decrease in consumer demand, possibly due to economic downturns or health concerns, could be a contributing factor. Trade policy changes, such as increased tariffs, might have reduced exports, affecting domestic supply and demand. Additionally, market forecasts predicting lower prices could have influenced current pricing strategies. Lastly, government subsidies to poultry companies might have lowered production costs, enabling price reductions.

The significant drop in U.S. Retail Broiler Composite prices in the current month could be driven by several factors. Increased production by poultry companies could have led to a surplus, reducing prices. A decrease in consumer demand, possibly due to economic factors or health concerns, might also be a contributing factor. Changes in trade policies, such as increased tariffs, could have reduced exports, impacting domestic supply and demand. Market forecasts predicting lower prices might have influenced current pricing strategies. Additionally, government subsidies to poultry companies could have lowered production costs, enabling price reductions.

The observed trend in the data indicates a significant drop in U.S. Retail Broiler Composite prices in the current month, following a period of relative stability. This sharp decline could be attributed to several factors. Increased production by poultry companies might have led to a surplus, driving down prices. Alternatively, a decrease in consumer demand, possibly due to economic downturns or health concerns, could be a contributing factor. Trade policy changes, such as increased tariffs, might have reduced exports, affecting domestic supply and demand. Additionally, market forecasts predicting lower prices could have influenced current pricing strategies. Lastly, government subsidies to poultry companies might have lowered production costs, enabling price reductions.

The significant drop in U.S. Retail Broiler Composite prices in the current month could be driven by several factors. Increased production by poultry companies could have led to a surplus, reducing prices. A decrease in consumer demand, possibly due to economic factors or health concerns, might also be a contributing factor. Changes in trade policies, such as increased tariffs, could have reduced exports, impacting domestic supply and demand. Market forecasts predicting lower prices might have influenced current pricing strategies. Additionally, government subsidies to poultry companies could have lowered production costs, enabling price reductions.

The observed trend in the data indicates a significant drop in U.S. Retail Broiler Composite prices in the current month, following a period of relative stability. This sharp decline could be attributed to several factors. Increased production by poultry companies might have led to a surplus, driving down prices. Alternatively, a decrease in consumer demand, possibly due to economic downturns or health concerns, could be a contributing factor. Trade policy changes, such as increased tariffs, might have reduced exports, affecting domestic supply and demand. Additionally, market forecasts predicting lower prices could have influenced current pricing strategies. Lastly, government subsidies to poultry companies might have lowered production costs, enabling price reductions.

The significant drop in U.S. Retail Broiler Composite prices in the current month could be driven by several factors. Increased production by poultry companies could have led to a surplus, reducing prices. A decrease in consumer demand, possibly due to economic factors or health concerns, might also be a contributing factor. Changes in trade policies, such as increased tariffs, could have reduced exports, impacting domestic supply and demand. Market forecasts predicting lower prices might have influenced current pricing strategies. Additionally, government subsidies to poultry companies could have lowered production costs, enabling price reductions.

The observed trend in the data indicates a significant drop in U.S. Retail Broiler Composite prices in the current month, following a period of relative stability. This sharp decline could be attributed to several factors. Increased production by poultry companies might have led to a surplus, driving down prices. Alternatively, a decrease in consumer demand, possibly due to economic downturns or health concerns, could be a contributing factor. Trade policy changes, such as increased tariffs, might have reduced exports, affecting domestic supply and demand. Additionally, market forecasts predicting lower prices could have influenced current pricing strategies. Lastly, government subsidies to poultry companies might have lowered production costs, enabling price reductions.

The significant drop in U.S. Retail Broiler Composite prices in the current month could be driven by several factors. Increased production by poultry companies could have led to a surplus, reducing prices. A decrease in consumer demand, possibly due to economic factors or health concerns, might also be a contributing factor. Changes in trade policies, such as increased tariffs, could have reduced exports, impacting domestic supply and demand. Market forecasts predicting lower prices might have influenced current pricing strategies. Additionally, government subsidies to poultry companies could have lowered production costs, enabling price reductions.

The observed trend in the data indicates a significant drop in U.S. Retail Broiler Composite prices in the current month, following a period of relative stability. This sharp decline could be attributed to several factors. Increased production by poultry companies might have led to a surplus, driving down prices. Alternatively, a decrease in consumer demand, possibly due to economic downturns or health concerns, could be a contributing factor. Trade policy changes, such as increased tariffs, might have reduced exports, affecting domestic supply and demand. Additionally, market forecasts predicting lower prices could have influenced current pricing strategies. Lastly, government subsidies to poultry companies might have lowered production costs, enabling price reductions.

The significant drop in U.S. Retail Broiler Composite prices in the current month could be driven by several factors. Increased production by poultry companies could have led to a surplus, reducing prices. A decrease in consumer demand, possibly due to economic factors or health concerns, might also be a contributing factor. Changes in trade policies, such as increased tariffs, could have reduced exports, impacting domestic supply and demand. Market forecasts predicting lower prices might have influenced current pricing strategies. Additionally, government subsidies to poultry companies could have lowered production costs, enabling price reductions.

The observed trend in the data indicates a significant drop in U.S. Retail Broiler Composite prices in the current month, following a period of relative stability. This sharp decline could be attributed to several factors. Increased production by poultry companies might have led to a surplus, driving down prices. Alternatively, a decrease in consumer demand, possibly due to economic downturns or health concerns, could be a contributing factor. Trade policy changes, such as increased tariffs, might have reduced exports, affecting domestic supply and demand. Additionally, market forecasts predicting lower prices could have influenced current pricing strategies. Lastly, government subsidies to poultry companies might have lowered production costs, enabling price reductions.

The significant drop in U.S. Retail Broiler Composite prices in the current month could be driven by several factors. Increased production by poultry companies could have led to a surplus, reducing prices. A decrease in consumer demand, possibly due to economic factors or health concerns, might also be a contributing factor. Changes in trade policies, such as increased tariffs, could have reduced exports, impacting domestic supply and demand. Market forecasts predicting lower prices might have influenced current pricing strategies. Additionally, government subsidies to poultry companies could have lowered production costs, enabling price reductions.

The observed trend in the data indicates a significant drop in U.S. Retail Broiler Composite prices in the current month, following a period of relative stability. This sharp decline could be attributed to several factors. Increased production by poultry companies might have led to a surplus, driving down prices. Alternatively, a decrease in consumer demand, possibly due to economic downturns or health concerns, could be a contributing factor. Trade policy changes, such as increased tariffs, might have reduced exports, affecting domestic supply and demand. Additionally, market forecasts predicting lower prices could have influenced current pricing strategies. Lastly, government subsidies to poultry companies might have lowered production costs, enabling price reductions.

The significant drop in U.S. Retail Broiler Composite prices in the current month could be driven by several factors. Increased production by poultry companies could have led to a surplus, reducing prices. A decrease in consumer demand, possibly due to economic factors or health concerns, might also be a contributing factor. Changes in trade policies, such as increased tariffs, could have reduced exports, impacting domestic supply and demand. Market forecasts predicting lower prices might have influenced current pricing strategies. Additionally, government subsidies to poultry companies could have lowered production costs, enabling price reductions.

The observed trend in the data indicates a significant drop in U.S. Retail Broiler Composite prices in the current month, following a period of relative stability. This sharp decline could be attributed to several factors. Increased production by poultry companies might have led to a surplus, driving down prices. Alternatively, a decrease in consumer demand, possibly due to economic downturns or health concerns, could be a contributing factor. Trade policy changes, such as increased tariffs, might have reduced exports, affecting domestic supply and demand. Additionally, market forecasts predicting lower prices could have influenced current pricing strategies. Lastly, government subsidies to poultry companies might have lowered production costs, enabling price reductions.

The significant drop in U.S. Retail Broiler Composite prices in the current month could be driven by several factors. Increased production by poultry companies could have led to a surplus, reducing prices. A decrease in consumer demand, possibly due to economic factors or health concerns, might also be a contributing factor. Changes in trade policies, such as increased tariffs, could have reduced exports, impacting domestic supply and demand. Market forecasts predicting lower prices might have influenced current pricing strategies. Additionally, government subsidies to poultry companies could have lowered production costs, enabling price reductions.

The observed trend in the data indicates a significant drop in U.S. Retail Broiler Composite prices in the current month, following a period of relative stability. This sharp decline could be attributed to several factors. Increased production by poultry companies might have led to a surplus, driving down prices. Alternatively, a decrease in consumer demand, possibly due to economic downturns or health concerns, could be a contributing factor. Trade policy changes, such as increased tariffs, might have reduced exports, affecting domestic supply and demand. Additionally, market forecasts predicting lower prices could have influenced current pricing strategies. Lastly, government subsidies to poultry companies might have lowered production costs, enabling price reductions.

The significant drop in U.S. Retail Broiler Composite prices in the current month could be driven by several factors. Increased production by poultry companies could have led to a surplus, reducing prices. A decrease in consumer demand, possibly due to economic factors or health concerns, might also be a contributing factor. Changes in trade policies, such as increased tariffs, could have reduced exports, impacting domestic supply and demand. Market forecasts predicting lower prices might have influenced current pricing strategies. Additionally, government subsidies to poultry companies could have lowered production costs, enabling price reductions.

The observed trend in the data indicates a significant drop in U.S. Retail Broiler Composite prices in the current month, following a period of relative stability. This sharp decline could be attributed to several factors. Increased production by poultry companies might have led to a surplus, driving down prices. Alternatively, a decrease in consumer demand, possibly due to economic downturns or health concerns, could be a contributing factor. Trade policy changes, such as increased tariffs, might have reduced exports, affecting domestic supply and demand. Additionally, market forecasts predicting lower prices could have influenced current pricing strategies. Lastly, government subsidies to poultry companies might have lowered production costs, enabling price reductions.

The significant drop in U.S. Retail Broiler Composite prices in the current month could be driven by several factors. Increased production by poultry companies could have led to a surplus, reducing prices. A decrease in consumer demand, possibly due to economic factors or health concerns, might also be a contributing factor. Changes in trade policies, such as increased tariffs, could have reduced exports, impacting domestic supply and demand. Market forecasts predicting lower prices might have influenced current pricing strategies. Additionally, government subsidies to poultry companies could have lowered production costs, enabling price reductions.

The observed trend in the data indicates a significant drop in U.S. Retail Broiler Composite prices in the current month, following a period of relative stability. This sharp decline could be attributed to several factors. Increased production by poultry companies might have led to a surplus, driving down prices. Alternatively, a decrease in consumer demand, possibly due to economic downturns or health concerns, could be a contributing factor. Trade policy changes, such as increased tariffs, might have reduced exports, affecting domestic supply and demand. Additionally, market forecasts predicting lower prices could have influenced current pricing strategies. Lastly, government subsidies to poultry companies might have lowered production costs, enabling price reductions.

The significant drop in U.S. Retail Broiler Composite prices in the current month could be driven by several factors. Increased production by poultry companies could have led to a surplus, reducing prices. A decrease in consumer demand, possibly due to economic factors or health concerns, might also be a contributing factor. Changes in trade policies, such as increased tariffs, could have reduced exports, impacting domestic supply and demand. Market forecasts predicting lower prices might have influenced current pricing strategies. Additionally, government subsidies to poultry companies could have lowered production costs, enabling price reductions.

The observed trend in the data indicates a significant drop in U.S. Retail Broiler Composite prices in the current month, following a period of relative stability. This sharp decline could be attributed to several factors. Increased production by poultry companies might have led to a surplus, driving down prices. Alternatively, a decrease in consumer demand, possibly due to economic downturns or health concerns, could be a contributing factor. Trade policy changes, such as increased tariffs, might have reduced exports, affecting domestic supply and demand. Additionally, market forecasts predicting lower prices could have influenced current pricing strategies. Lastly, government subsidies to poultry companies might have lowered production costs, enabling price reductions.

The significant drop in U.S. Retail Broiler Composite prices in the current month could be driven by several factors. Increased production by poultry companies could have led to a surplus, reducing prices. A decrease in consumer demand, possibly due to economic factors or health concerns, might also be a contributing factor. Changes in trade policies, such as increased tariffs, could have reduced exports, impacting domestic supply and demand. Market forecasts predicting lower prices might have influenced current pricing strategies. Additionally, government subsidies to poultry companies could have lowered production costs, enabling price reductions.

The observed trend in the data indicates a significant drop in U.S. Retail Broiler Composite prices in the current month, following a period of relative stability. This sharp decline could be attributed to several factors. Increased production by poultry companies might have led to a surplus, driving down prices. Alternatively, a decrease in consumer demand, possibly due to economic downturns or health concerns, could be a contributing factor. Trade policy changes, such as increased tariffs, might have reduced exports, affecting domestic supply and demand. Additionally, market forecasts predicting lower prices could have influenced current pricing strategies. Lastly, government subsidies to poultry companies might have lowered production costs, enabling price reductions.

The significant drop in U.S. Retail Broiler Composite prices in the current month could be driven by several factors. Increased production by poultry companies could have led to a surplus, reducing prices. A decrease in consumer demand, possibly due to economic factors or health concerns, might also be a contributing factor. Changes in trade policies, such as increased tariffs, could have reduced exports, impacting domestic supply and demand. Market forecasts predicting lower prices might have influenced current pricing strategies. Additionally, government subsidies to poultry companies could have lowered production costs, enabling price reductions.

The observed trend in the data indicates a significant drop in U.S. Retail Broiler Composite prices in the current month, following a period of relative stability. This sharp decline could be attributed to several factors. Increased production by poultry companies might have led to a surplus, driving down prices. Alternatively, a decrease in consumer demand, possibly due to economic downturns or health concerns, could be a contributing factor. Trade policy changes, such as increased tariffs, might have reduced exports, affecting domestic supply and demand. Additionally, market forecasts predicting lower prices could have influenced current pricing strategies. Lastly, government subsidies to poultry companies might have lowered production costs, enabling price reductions.

The significant drop in U.S. Retail Broiler Composite prices in the current month could be driven by several factors. Increased production by poultry companies could have led to a surplus, reducing prices. A decrease in consumer demand, possibly due to economic factors or health concerns, might also be a contributing factor. Changes in trade policies, such as increased tariffs, could have reduced exports, impacting domestic supply and demand. Market forecasts predicting lower prices might have influenced current pricing strategies. Additionally, government subsidies to poultry companies could have lowered production costs, enabling price reductions.

The observed trend in the data indicates a significant drop in U.S. Retail Broiler Composite prices in the current month, following a period of relative stability. This sharp decline could be attributed to several factors. Increased production by poultry companies might have led to a surplus, driving down prices. Alternatively, a decrease in consumer demand, possibly due to economic downturns or health concerns, could be a contributing factor. Trade policy changes, such as increased tariffs, might have reduced exports, affecting domestic supply and demand. Additionally, market forecasts predicting lower prices could have influenced current pricing strategies. Lastly, government subsidies to poultry companies might have lowered production costs, enabling price reductions.

The significant drop in U.S. Retail Broiler Composite prices in the current month could be driven by several factors. Increased production by poultry companies could have led to a surplus, reducing prices. A decrease in consumer demand, possibly due to economic factors or health concerns, might also be a contributing factor. Changes in trade policies, such as increased tariffs, could have reduced exports, impacting domestic supply and demand. Market forecasts predicting lower prices might have influenced current pricing strategies. Additionally, government subsidies to poultry companies could have lowered production costs, enabling price reductions.

The observed trend in the data indicates a significant drop in U.S. Retail Broiler Composite prices in the current month, following a period of relative stability. This sharp decline could be attributed to several factors. Increased production by poultry companies might have led to a surplus, driving down prices. Alternatively, a decrease in consumer demand, possibly due to economic downturns or health concerns, could be a contributing factor. Trade policy changes, such as increased tariffs, might have reduced exports, affecting domestic supply and demand. Additionally, market forecasts predicting lower prices could have influenced current pricing strategies. Lastly, government subsidies to poultry companies might have lowered production costs, enabling price reductions.

The significant drop in U.S. Retail Broiler Composite prices in the current month could be driven by several factors. Increased production by poultry companies could have led to a surplus, reducing prices. A decrease in consumer demand, possibly due to economic factors or health concerns, might also be a contributing factor. Changes in trade policies, such as increased tariffs, could have reduced exports, impacting domestic supply and demand. Market forecasts predicting lower prices might have influenced current pricing strategies. Additionally, government subsidies to poultry companies could have lowered production costs, enabling price reductions.

The observed trend in the data indicates a significant drop in U.S. Retail Broiler Composite prices in the current month, following a period of relative stability. This sharp decline could be attributed to several factors. Increased production by poultry companies might have led to a surplus, driving down prices. Alternatively, a decrease in consumer demand, possibly due to economic downturns or health concerns, could be a contributing factor. Trade policy changes, such as increased tariffs, might have reduced exports, affecting domestic supply and demand. Additionally, market forecasts predicting lower prices could have influenced current pricing strategies. Lastly, government subsidies to poultry companies might have lowered production costs, enabling price reductions.

The significant drop in U.S. Retail Broiler Composite prices in the current month could be driven by several factors. Increased production by poultry companies could have led to a surplus, reducing prices. A decrease in consumer demand, possibly due to economic factors or health concerns, might also be a contributing factor. Changes in trade policies, such as increased tariffs, could have reduced exports, impacting domestic supply and demand. Market forecasts predicting lower prices might have influenced current pricing strategies. Additionally, government subsidies to poultry companies could have lowered production costs, enabling price reductions.

The observed trend in the data indicates a significant drop in U.S. Retail Broiler Composite prices in the current month, following a period of relative stability. This sharp decline could be attributed to several factors. Increased production by poultry companies might have led to a surplus, driving down prices. Alternatively, a decrease in consumer demand, possibly due to economic downturns or health concerns, could be a contributing factor. Trade policy changes, such as increased tariffs, might have reduced exports, affecting domestic supply and demand. Additionally, market forecasts predicting lower prices could have influenced current pricing strategies. Lastly, government subsidies to poultry companies might have lowered production costs, enabling price reductions.

The significant drop in U.S. Retail Broiler Composite prices in the current month could be driven by several factors. Increased production by poultry companies could have led to a surplus, reducing prices. A decrease in consumer demand, possibly due to economic factors or health concerns, might also be a contributing factor. Changes in trade policies, such as increased tariffs, could have reduced exports, impacting domestic supply and demand. Market forecasts predicting lower prices might have influenced current pricing strategies. Additionally, government subsidies to poultry companies could have lowered production costs, enabling price reductions.

The observed trend in the data indicates a significant drop in U.S. Retail Broiler Composite prices in the current month, following a period of relative stability. This sharp decline could be attributed to several factors. Increased production by poultry companies might have led to a surplus, driving down prices. Alternatively, a decrease in consumer demand, possibly due to economic downturns or health concerns, could be a contributing factor. Trade policy changes, such as increased tariffs, might have reduced exports, affecting domestic supply and demand. Additionally, market forecasts predicting lower prices could have influenced current pricing strategies. Lastly, government subsidies to poultry companies might have lowered production costs, enabling price reductions.

The significant drop in U.S. Retail Broiler Composite prices in the current month could be driven by several factors. Increased production by poultry companies could have led to a surplus, reducing prices. A decrease in consumer demand, possibly due to economic factors or health concerns, might also be a contributing factor. Changes in trade policies, such as increased tariffs, could have reduced exports, impacting domestic supply and demand. Market forecasts predicting lower prices might have influenced current pricing strategies. Additionally, government subsidies to poultry companies could have lowered production costs, enabling price reductions.

The observed trend in the data indicates a significant drop in U.S. Retail Broiler Composite prices in the current month, following a period of relative stability. This sharp decline could be attributed to several factors. Increased production by poultry companies might have led to a surplus, driving down prices. Alternatively, a decrease in consumer demand, possibly due to economic downturns or health concerns, could be a contributing factor. Trade policy changes, such as increased tariffs, might have reduced exports, affecting domestic supply and demand. Additionally, market forecasts predicting lower prices could have influenced current pricing strategies. Lastly, government subsidies to poultry companies might have lowered production costs, enabling price reductions.

The significant drop in U.S. Retail Broiler Composite prices in the current month could be driven by several factors. Increased production by poultry companies could have led to a surplus, reducing prices. A decrease in consumer demand, possibly due to economic factors or health concerns, might also be a contributing factor. Changes in trade policies, such as increased tariffs, could have reduced exports, impacting domestic supply and demand. Market forecasts predicting lower prices might have influenced current pricing strategies. Additionally, government subsidies to poultry companies could have lowered production costs, enabling price reductions.

The observed trend in the data indicates a significant drop in U.S. Retail Broiler Composite prices in the current month, following a period of relative stability. This sharp decline could be attributed to several factors. Increased production by poultry companies might have led to a surplus, driving down prices. Alternatively, a decrease in consumer demand, possibly due to economic downturns or health concerns, could be a contributing factor. Trade policy changes, such as increased tariffs, might have reduced exports, affecting domestic supply and demand. Additionally, market forecasts predicting lower prices could have influenced current pricing strategies. Lastly, government subsidies to poultry companies might have lowered production costs, enabling price reductions.

The significant drop in U.S. Retail Broiler Composite prices in the current month could be driven by several factors. Increased production by poultry companies could have led to a surplus, reducing prices. A decrease in consumer demand, possibly due to economic factors or health concerns, might also be a contributing factor. Changes in trade policies, such as increased tariffs, could have reduced exports, impacting domestic supply and demand. Market forecasts predicting lower prices might have influenced current pricing strategies. Additionally, government subsidies to poultry companies could have lowered production costs, enabling price reductions.

The observed trend in the data indicates a significant drop in U.S. Retail Broiler Composite prices in the current month, following a period of relative stability. This sharp decline could be attributed to several factors. Increased production by poultry companies might have led to a surplus, driving down prices. Alternatively, a decrease in consumer demand, possibly due to economic downturns or health concerns, could be a contributing factor. Trade policy changes, such as increased tariffs, might have reduced exports, affecting domestic supply and demand. Additionally, market forecasts predicting lower prices could have influenced current pricing strategies. Lastly, government subsidies to poultry companies might have lowered production costs, enabling price reductions.

The significant drop in U.S. Retail Broiler Composite prices in the current month could be driven by several factors. Increased production by poultry companies could have led to a surplus, reducing prices. A decrease in consumer demand, possibly due to economic factors or health concerns, might also be a contributing factor. Changes in trade policies, such as increased tariffs, could have reduced exports, impacting domestic supply and demand. Market forecasts predicting lower prices might have influenced current pricing strategies. Additionally, government subsidies to poultry companies could have lowered production costs, enabling price reductions.

The observed trend in the data indicates a significant drop in U.S. Retail Broiler Composite prices in the current month, following a period of relative stability. This sharp decline could be attributed to several factors. Increased production by poultry companies might have led to a surplus, driving down prices. Alternatively, a decrease in consumer demand, possibly due to economic downturns or health concerns, could be a contributing factor. Trade policy changes, such as increased tariffs, might have reduced exports, affecting domestic supply and demand. Additionally, market forecasts predicting lower prices could have influenced current pricing strategies. Lastly, government subsidies to poultry companies might have lowered production costs, enabling price reductions.

The significant drop in U.S. Retail Broiler Composite prices in the current month could be driven by several factors. Increased production by poultry companies could have led to a surplus, reducing prices. A decrease in consumer demand, possibly due to economic factors or health concerns, might also be a contributing factor. Changes in trade policies, such as increased tariffs, could have reduced exports, impacting domestic supply and demand. Market forecasts predicting lower prices might have influenced current pricing strategies. Additionally, government subsidies to poultry companies could have lowered production costs, enabling price reductions.

The observed trend in the data indicates a significant drop in U.S. Retail Broiler Composite prices in the current month, following a period of relative stability. This sharp decline could be attributed to several factors. Increased production by poultry companies might have led to a surplus, driving down prices. Alternatively, a decrease in consumer demand, possibly due to economic downturns or health concerns, could be a contributing factor. Trade policy changes, such as increased tariffs, might have reduced exports, affecting domestic supply and demand. Additionally, market forecasts predicting lower prices could have influenced current pricing strategies. Lastly, government subsidies to poultry companies might have lowered production costs, enabling price reductions.

The significant drop in U.S. Retail Broiler Composite prices in the current month could be driven by several factors. Increased production by poultry companies could have led to a surplus, reducing prices. A decrease in consumer demand, possibly due to economic factors or health concerns, might also be a contributing factor. Changes in trade policies, such as increased tariffs, could have reduced exports, impacting domestic supply and demand. Market forecasts predicting lower prices might have influenced current pricing strategies. Additionally, government subsidies to poultry companies could have lowered production costs, enabling price reductions.

The observed trend in the data indicates a significant drop in U.S. Retail Broiler Composite prices in the current month, following a period of relative stability. This sharp decline could be attributed to several factors. Increased production by poultry companies might have led to a surplus, driving down prices. Alternatively, a decrease in consumer demand, possibly due to economic downturns or health concerns, could be a contributing factor. Trade policy changes, such as increased tariffs, might have reduced exports, affecting domestic supply and demand. Additionally, market forecasts predicting lower prices could have influenced current pricing strategies. Lastly, government subsidies to poultry companies might have lowered production costs, enabling price reductions.

The significant drop in U.S. Retail Broiler Composite prices in the current month could be driven by several factors. Increased production by poultry companies could have led to a surplus, reducing prices. A decrease in consumer demand, possibly due to economic factors or health concerns, might also be a contributing factor. Changes in trade policies, such as increased tariffs, could have reduced exports, impacting domestic supply and demand. Market forecasts predicting lower prices might have influenced current pricing strategies. Additionally, government subsidies to poultry companies could have lowered production costs, enabling price reductions.

The observed trend in the data indicates a significant drop in U.S. Retail Broiler Composite prices in the current month, following a period of relative stability. This sharp decline could be attributed to several factors. Increased production by poultry companies might have led to a surplus, driving down prices. Alternatively, a decrease in consumer demand, possibly due to economic downturns or health concerns, could be a contributing factor. Trade policy changes, such as increased tariffs, might have reduced exports, affecting domestic supply and demand. Additionally, market forecasts predicting lower prices could have influenced current pricing strategies. Lastly, government subsidies to poultry companies might have lowered production costs, enabling price reductions.

The significant drop in U.S. Retail Broiler Composite prices in the current month could be driven by several factors. Increased production by poultry companies could have led to a surplus, reducing prices. A decrease in consumer demand, possibly due to economic factors or health concerns, might also be a contributing factor. Changes in trade policies, such as increased tariffs, could have reduced exports, impacting domestic supply and demand. Market forecasts predicting lower prices might have influenced current pricing strategies. Additionally, government subsidies to poultry companies could have lowered production costs, enabling price reductions.

The observed trend in the data indicates a significant drop in U.S. Retail Broiler Composite prices in the current month, following a period of relative stability. This sharp decline could be attributed to several factors. Increased production by poultry companies might have led to a surplus, driving down prices. Alternatively, a decrease in consumer demand, possibly due to economic downturns or health concerns, could be a contributing factor. Trade policy changes, such as increased tariffs, might have reduced exports, affecting domestic supply and demand. Additionally, market forecasts predicting lower prices could have influenced current pricing strategies. Lastly, government subsidies to poultry companies might have lowered production costs, enabling price reductions.

The significant drop in U.S. Retail Broiler Composite prices in the current month could be driven by several factors. Increased production by poultry companies could have led to a surplus, reducing prices. A decrease in consumer demand, possibly due to economic factors or health concerns, might also be a contributing factor. Changes in trade policies, such as increased tariffs, could have reduced exports, impacting domestic supply and demand. Market forecasts predicting lower prices might have influenced current pricing strategies. Additionally, government subsidies to poultry companies could have lowered production costs, enabling price reductions.

The observed trend in the data indicates a significant drop in U.S. Retail Broiler Composite prices in the current month, following a period of relative stability. This sharp decline could be attributed to several factors. Increased production by poultry companies might have led to a surplus, driving down prices. Alternatively, a decrease in consumer demand, possibly due to economic downturns or health concerns, could be a contributing factor. Trade policy changes, such as increased tariffs, might have reduced exports, affecting domestic supply and demand. Additionally, market forecasts predicting lower prices could have influenced current pricing strategies. Lastly, government subsidies to poultry companies might have lowered production costs, enabling price reductions.

The significant drop in U.S. Retail Broiler Composite prices in the current month could be driven by several factors. Increased production by poultry companies could have led to a surplus, reducing prices. A decrease in consumer demand, possibly due to economic factors or health concerns, might also be a contributing factor. Changes in trade policies, such as increased tariffs, could have reduced exports, impacting domestic supply and demand. Market forecasts predicting lower prices might have influenced current pricing strategies. Additionally, government subsidies to poultry companies could have lowered production costs, enabling price reductions.

The observed trend in the data indicates a significant drop in U.S. Retail Broiler Composite prices in the current month, following a period of relative stability. This sharp decline could be attributed to several factors. Increased production by poultry companies might have led to a surplus, driving down prices. Alternatively, a decrease in consumer demand, possibly due to economic downturns or health concerns, could be a contributing factor. Trade policy changes, such as increased tariffs, might have reduced exports, affecting domestic supply and demand. Additionally, market forecasts predicting lower prices could have influenced current pricing strategies. Lastly, government subsidies to poultry companies might have lowered production costs, enabling price reductions.

The significant drop in U.S. Retail Broiler Composite prices in the current month could be driven by several factors. Increased production by poultry companies could have led to a surplus, reducing prices. A decrease in consumer demand, possibly due to economic factors or health concerns, might also be a contributing factor. Changes in trade policies, such as increased tariffs, could have reduced exports, impacting domestic supply and demand. Market forecasts predicting lower prices might have influenced current pricing strategies. Additionally, government subsidies to poultry companies could have lowered production costs, enabling price reductions.

The observed trend in the data indicates a significant drop in U.S. Retail Broiler Composite prices in the current month, following a period of relative stability. This sharp decline could be attributed to several factors. Increased production by poultry companies might have led to a surplus, driving down prices. Alternatively, a decrease in consumer demand, possibly due to economic downturns or health concerns, could be a contributing factor. Trade policy changes, such as increased tariffs, might have reduced exports, affecting domestic supply and demand. Additionally, market forecasts predicting lower prices could have influenced current pricing strategies. Lastly, government subsidies to poultry companies might have lowered production costs, enabling price reductions.

The significant drop in U.S. Retail Broiler Composite prices in the current month could be driven by several factors. Increased production by poultry companies could have led to a surplus, reducing prices. A decrease in consumer demand, possibly due to economic factors or health concerns, might also be a contributing factor. Changes in trade policies, such as increased tariffs, could have reduced exports, impacting domestic supply and demand. Market forecasts predicting lower prices might have influenced current pricing strategies. Additionally, government subsidies to poultry companies could have lowered production costs, enabling price reductions.

The observed trend in the data indicates a significant drop in U.S. Retail Broiler Composite prices in the current month, following a period of relative stability. This sharp decline could be attributed to several factors. Increased production by poultry companies might have led to a surplus, driving down prices. Alternatively, a decrease in consumer demand, possibly due to economic downturns or health concerns, could be a contributing factor. Trade policy changes, such as increased tariffs, might have reduced exports, affecting domestic supply and demand. Additionally, market forecasts predicting lower prices could have influenced current pricing strategies. Lastly, government subsidies to poultry companies might have lowered production costs, enabling price reductions.

The significant drop in U.S. Retail Broiler Composite prices in the current month could be driven by several factors. Increased production by poultry companies could have led to a surplus, reducing prices. A decrease in consumer demand, possibly due to economic factors or health concerns, might also be a contributing factor. Changes in trade policies, such as increased tariffs, could have reduced exports, impacting domestic supply and demand. Market forecasts predicting lower prices might have influenced current pricing strategies. Additionally, government subsidies to poultry companies could have lowered production costs, enabling price reductions.

The observed trend in the data indicates a significant drop in U.S. Retail Broiler Composite prices in the current month, following a period of relative stability. This sharp decline could be attributed to several factors. Increased production by poultry companies might have led to a surplus, driving down prices. Alternatively, a decrease in consumer demand, possibly due to economic downturns or health concerns, could be a contributing factor. Trade policy changes, such as increased tariffs, might have reduced exports, affecting domestic supply and demand. Additionally, market forecasts predicting lower prices could have influenced current pricing strategies. Lastly, government subsidies to poultry companies might have lowered production costs, enabling price reductions.

The significant drop in U.S. Retail Broiler Composite prices in the current month could be driven by several factors. Increased production by poultry companies could have led to a surplus, reducing prices. A decrease in consumer demand, possibly due to economic factors or health concerns, might also be a contributing factor. Changes in trade policies, such as increased tariffs, could have reduced exports, impacting domestic supply and demand. Market forecasts predicting lower prices might have influenced current pricing strategies. Additionally, government subsidies to poultry companies could have lowered production costs, enabling price reductions.

The observed trend in the data indicates a significant drop in U.S. Retail Broiler Composite prices in the current month, following a period of relative stability. This sharp decline could be attributed to several factors. Increased production by poultry companies might have led to a surplus, driving down prices. Alternatively, a decrease in consumer demand, possibly due to economic downturns or health concerns, could be a contributing factor. Trade policy changes, such as increased tariffs, might have reduced exports, affecting domestic supply and demand. Additionally, market forecasts predicting lower prices could have influenced current pricing strategies. Lastly, government subsidies to poultry companies might have lowered production costs, enabling price reductions.

The significant drop in U.S. Retail Broiler Composite prices in the current month could be driven by several factors. Increased production by poultry companies could have led to a surplus, reducing prices. A decrease in consumer demand, possibly due to economic factors or health concerns, might also be a contributing factor. Changes in trade policies, such as increased tariffs, could have reduced exports, impacting domestic supply and demand. Market forecasts predicting lower prices might have influenced current pricing strategies. Additionally, government subsidies to poultry companies could have lowered production costs, enabling price reductions.

The observed trend in the data indicates a significant drop in U.S. Retail Broiler Composite prices in the current month, following a period of relative stability. This sharp decline could be attributed to several factors. Increased production by poultry companies might have led to a surplus, driving down prices. Alternatively, a decrease in consumer demand, possibly due to economic downturns or health concerns, could be a contributing factor. Trade policy changes, such as increased tariffs, might have reduced exports, affecting domestic supply and demand. Additionally, market forecasts predicting lower prices could have influenced current pricing strategies. Lastly, government subsidies to poultry companies might have lowered production costs, enabling price reductions.

The significant drop in U.S. Retail Broiler Composite prices in the current month could be driven by several factors. Increased production by poultry companies could have led to a surplus, reducing prices. A decrease in consumer demand, possibly due to economic factors or health concerns, might also be a contributing factor. Changes in trade policies, such as increased tariffs, could have reduced exports, impacting domestic supply and demand. Market forecasts predicting lower prices might have influenced current pricing strategies. Additionally, government subsidies to poultry companies could have lowered production costs, enabling price reductions.

The observed trend in the data indicates a significant drop in U.S. Retail Broiler Composite prices in the current month, following a period of relative stability. This sharp decline could be attributed to several factors. Increased production by poultry companies might have led to a surplus, driving down prices. Alternatively, a decrease in consumer demand, possibly due to economic downturns or health concerns, could be a contributing factor. Trade policy changes, such as increased tariffs, might have reduced exports, affecting domestic supply and demand. Additionally, market forecasts predicting lower prices could have influenced current pricing strategies. Lastly, government subsidies to poultry companies might have lowered production costs, enabling price reductions.

The significant drop in U.S. Retail Broiler Composite prices in the current month could be driven by several factors. Increased production by poultry companies could have led to a surplus, reducing prices. A decrease in consumer demand, possibly due to economic factors or health concerns, might also be a contributing factor. Changes in trade policies, such as increased tariffs, could have reduced exports, impacting domestic supply and demand. Market forecasts predicting lower prices might have influenced current pricing strategies. Additionally, government subsidies to poultry companies could have lowered production costs, enabling price reductions.

The observed trend in the data indicates a significant drop in U.S. Retail Broiler Composite prices in the current month, following a period of relative stability. This sharp decline could be attributed to several factors. Increased production by poultry companies might have led to a surplus, driving down prices. Alternatively, a decrease in consumer demand, possibly due to economic downturns or health concerns, could be a contributing factor. Trade policy changes, such as increased tariffs, might have reduced exports, affecting domestic supply and demand. Additionally, market forecasts predicting lower prices could have influenced current pricing strategies. Lastly, government subsidies to poultry companies might have lowered production costs, enabling price reductions.

The significant drop in U.S. Retail Broiler Composite prices in the current month could be driven by several factors. Increased production by poultry companies could have led to a surplus, reducing prices. A decrease in consumer demand, possibly due to economic factors or health concerns, might also be a contributing factor. Changes in trade policies, such as increased tariffs, could have reduced exports, impacting domestic supply and demand. Market forecasts predicting lower prices might have influenced current pricing strategies. Additionally, government subsidies to poultry companies could have lowered production costs, enabling price reductions.

The observed trend in the data indicates a significant drop in U.S. Retail Broiler Composite prices in the current month, following a period of relative stability. This sharp decline could be attributed to several factors. Increased production by poultry companies might have led to a surplus, driving down prices. Alternatively, a decrease in consumer demand, possibly due to economic downturns or health concerns, could be a contributing factor. Trade policy changes, such as increased tariffs, might have reduced exports, affecting domestic supply and demand. Additionally, market forecasts predicting lower prices could have influenced current pricing strategies. Lastly, government subsidies to poultry companies might have lowered production costs, enabling price reductions.

The significant drop in U.S. Retail Broiler Composite prices in the current month could be driven by several factors. Increased production by poultry companies could have led to a surplus, reducing prices. A decrease in consumer demand, possibly due to economic factors or health concerns, might also be a contributing factor. Changes in trade policies, such as increased tariffs, could have reduced exports, impacting domestic supply and demand. Market forecasts predicting lower prices might have influenced current pricing strategies. Additionally, government subsidies to poultry companies could have lowered production costs, enabling price reductions.

The observed trend in the data indicates a significant drop in U.S. Retail Broiler Composite prices in the current month, following a period of relative stability. This sharp decline could be attributed to several factors. Increased production by poultry companies might have led to a surplus, driving down prices. Alternatively, a decrease in consumer demand, possibly due to economic downturns or health concerns, could be a contributing factor. Trade policy changes, such as increased tariffs, might have reduced exports, affecting domestic supply and demand. Additionally, market forecasts predicting lower prices could have influenced current pricing strategies. Lastly, government subsidies to poultry companies might have lowered production costs, enabling price reductions.

The significant drop in U.S. Retail Broiler Composite prices in the current month could be driven by several factors. Increased production by poultry companies could have led to a surplus, reducing prices. A decrease in consumer demand, possibly due to economic factors or health concerns, might also be a contributing factor. Changes in trade policies, such as increased tariffs, could have reduced exports, impacting domestic supply and demand. Market forecasts predicting lower prices might have influenced current pricing strategies. Additionally, government subsidies to poultry companies could have lowered production costs, enabling price reductions.

The observed trend in the data indicates a significant drop in U.S. Retail Broiler Composite prices in the current month, following a period of relative stability. This sharp decline could be attributed to several factors. Increased production by poultry companies might have led to a surplus, driving down prices. Alternatively, a decrease in consumer demand, possibly due to economic downturns or health concerns, could be a contributing factor. Trade policy changes, such as increased tariffs, might have reduced exports, affecting domestic supply and demand. Additionally, market forecasts predicting lower prices could have influenced current pricing strategies. Lastly, government subsidies to poultry companies might have lowered production costs, enabling price reductions.

The significant drop in U.S. Retail Broiler Composite prices in the current month could be driven by several factors. Increased production by poultry companies could have led to a surplus, reducing prices. A decrease in consumer demand, possibly due to economic factors or health concerns, might also be a contributing factor. Changes in trade policies, such as increased tariffs, could have reduced exports, impacting domestic supply and demand. Market forecasts predicting lower prices might have influenced current pricing strategies. Additionally, government subsidies to poultry companies could have lowered production costs, enabling price reductions.

The observed trend in the data indicates a significant drop in U.S. Retail Broiler Composite prices in the current month, following a period of relative stability. This sharp decline could be attributed to several factors. Increased production by poultry companies might have led to a surplus, driving down prices. Alternatively, a decrease in consumer demand, possibly due to economic downturns or health concerns, could be a contributing factor. Trade policy changes, such as increased tariffs, might have reduced exports, affecting domestic supply and demand. Additionally, market forecasts predicting lower prices could have influenced current pricing strategies. Lastly, government subsidies to poultry companies might have lowered production costs, enabling price reductions.

The significant drop in U.S. Retail Broiler Composite prices in the current month could be driven by several factors. Increased production by poultry companies could have led to a surplus, reducing prices. A decrease in consumer demand, possibly due to economic factors or health concerns, might also be a contributing factor. Changes in trade policies, such as increased tariffs, could have reduced exports, impacting domestic supply and demand. Market forecasts predicting lower prices might have influenced current pricing strategies. Additionally, government subsidies to poultry companies could have lowered production costs, enabling price reductions.

The observed trend in the data indicates a significant drop in U.S. Retail Broiler Composite prices in the current month, following a period of relative stability. This sharp decline could be attributed to several factors. Increased production by poultry companies might have led to a surplus, driving down prices. Alternatively, a decrease in consumer demand, possibly due to economic downturns or health concerns, could be a contributing factor. Trade policy changes, such as increased tariffs, might have reduced exports, affecting domestic supply and demand. Additionally, market forecasts predicting lower prices could have influenced current pricing strategies. Lastly, government subsidies to poultry companies might have lowered production costs, enabling price reductions.

The significant drop in U.S. Retail Broiler Composite prices in the current month could be driven by several factors. Increased production by poultry companies could have led to a surplus, reducing prices. A decrease in consumer demand, possibly due to economic factors or health concerns, might also be a contributing factor. Changes in trade policies, such as increased tariffs, could have reduced exports, impacting domestic supply and demand. Market forecasts predicting lower prices might have influenced current pricing strategies. Additionally, government subsidies to poultry companies could have lowered production costs, enabling price reductions.

The observed trend in the data indicates a significant drop in U.S. Retail Broiler Composite prices in the current month, following a period of relative stability. This sharp decline could be attributed to several factors. Increased production by poultry companies might have led to a surplus, driving down prices. Alternatively, a decrease in consumer demand, possibly due to economic downturns or health concerns, could be a contributing factor. Trade policy changes, such as increased tariffs, might have reduced exports, affecting domestic supply and demand. Additionally, market forecasts predicting lower prices could have influenced current pricing strategies. Lastly, government subsidies to poultry companies might have lowered production costs, enabling price reductions.

The significant drop in U.S. Retail Broiler Composite prices in the current month could be driven by several factors. Increased production by poultry companies could have led to a surplus, reducing prices. A decrease in consumer demand, possibly due to economic factors or health concerns, might also be a contributing factor. Changes in trade policies, such as increased tariffs, could have reduced exports, impacting domestic supply and demand. Market forecasts predicting lower prices might have influenced current pricing strategies. Additionally, government subsidies to poultry companies could have lowered production costs, enabling price reductions.

The observed trend in the data indicates a significant drop in U.S. Retail Broiler Composite prices in the current month, following a period of relative stability. This sharp decline could be attributed to several factors. Increased production by poultry companies might have led to a surplus, driving down prices. Alternatively, a decrease in consumer demand, possibly due to economic downturns or health concerns, could be a contributing factor. Trade policy changes, such as increased tariffs, might have reduced exports, affecting domestic supply and demand. Additionally, market forecasts predicting lower prices could have influenced current pricing strategies. Lastly, government subsidies to poultry companies might have lowered production costs, enabling price reductions.

The significant drop in U.S. Retail Broiler Composite prices in the current month could be driven by several factors. Increased production by poultry companies could have led to a surplus, reducing prices. A decrease in consumer demand, possibly due to economic factors or health concerns, might also be a contributing factor. Changes in trade policies, such as increased tariffs, could have reduced exports, impacting domestic supply and demand. Market forecasts predicting lower prices might have influenced current pricing strategies. Additionally, government subsidies to poultry companies could have lowered production costs, enabling price reductions.

The observed trend in the data indicates a significant drop in U.S. Retail Broiler Composite prices in the current month, following a period of relative stability. This sharp decline could be attributed to several factors. Increased production by poultry companies might have led to a surplus, driving down prices. Alternatively, a decrease in consumer demand, possibly due to economic downturns or health concerns, could be a contributing factor. Trade policy changes, such as increased tariffs, might have reduced exports, affecting domestic supply and demand. Additionally, market forecasts predicting lower prices could have influenced current pricing strategies. Lastly, government subsidies to poultry companies might have lowered production costs, enabling price reductions.

The significant drop in U.S. Retail Broiler Composite prices in the current month could be driven by several factors. Increased production by poultry companies could have led to a surplus, reducing prices. A decrease in consumer demand, possibly due to economic factors or health concerns, might also be a contributing factor. Changes in trade policies, such as increased tariffs, could have reduced exports, impacting domestic supply and demand. Market forecasts predicting lower prices might have influenced current pricing strategies. Additionally, government subsidies to poultry companies could have lowered production costs, enabling price reductions.

The observed trend in the data indicates a significant drop in U.S. Retail Broiler Composite prices in the current month, following a period of relative stability. This sharp decline could be attributed to several factors. Increased production by poultry companies might have led to a surplus, driving down prices. Alternatively, a decrease in consumer demand, possibly due to economic downturns or health concerns, could be a contributing factor. Trade policy changes, such as increased tariffs, might have reduced exports, affecting domestic supply and demand. Additionally, market forecasts predicting lower prices could have influenced current pricing strategies. Lastly, government subsidies to poultry companies might have lowered production costs, enabling price reductions.

The significant drop in U.S. Retail Broiler Composite prices in the current month could be driven by several factors. Increased production by poultry companies could have led to a surplus, reducing prices. A decrease in consumer demand, possibly due to economic factors or health concerns, might also be a contributing factor. Changes in trade policies, such as increased tariffs, could have reduced exports, impacting domestic supply and demand. Market forecasts predicting lower prices might have influenced current pricing strategies. Additionally, government subsidies to poultry companies could have lowered production costs, enabling price reductions.

The observed trend in the data indicates a significant drop in U.S. Retail Broiler Composite prices in the current month, following a period of relative stability. This sharp decline could be attributed to several factors. Increased production by poultry companies might have led to a surplus, driving down prices. Alternatively, a decrease in consumer demand, possibly due to economic downturns or health concerns, could be a contributing factor. Trade policy changes, such as increased tariffs, might have reduced exports, affecting domestic supply and demand. Additionally, market forecasts predicting lower prices could have influenced current pricing strategies. Lastly, government subsidies to poultry companies might have lowered production costs, enabling price reductions.

The significant drop in U.S. Retail Broiler Composite prices in the current month could be driven by several factors. Increased production by poultry companies could have led to a surplus, reducing prices. A decrease in consumer demand, possibly due to economic factors or health concerns, might also be a contributing factor. Changes in trade policies, such as increased tariffs, could have reduced exports, impacting domestic supply and demand. Market forecasts predicting lower prices might have influenced current pricing strategies. Additionally, government subsidies to poultry companies could have lowered production costs, enabling price reductions.

The observed trend in the data indicates a significant drop in U.S. Retail Broiler Composite prices in the current month, following a period of relative stability. This sharp decline could be attributed to several factors. Increased production by poultry companies might have led to a surplus, driving down prices. Alternatively, a decrease in consumer demand, possibly due to economic downturns or health concerns, could be a contributing factor. Trade policy changes, such as increased tariffs, might have reduced exports, affecting domestic supply and demand. Additionally, market forecasts predicting lower prices could have influenced current pricing strategies. Lastly, government subsidies to poultry companies might have lowered production costs, enabling price reductions.

The significant drop in U.S. Retail Broiler Composite prices in the current month could be driven by several factors. Increased production by poultry companies could have led to a surplus, reducing prices. A decrease in consumer demand, possibly due to economic factors or health concerns, might also be a contributing factor. Changes in trade policies, such as increased tariffs, could have reduced exports, impacting domestic supply and demand. Market forecasts predicting lower prices might have influenced current pricing strategies. Additionally, government subsidies to poultry companies could have lowered production costs, enabling price reductions.

The observed trend in the data indicates a significant drop in U.S. Retail Broiler Composite prices in the current month, following a period of relative stability. This sharp decline could be attributed to several factors. Increased production by poultry companies might have led to a surplus, driving down prices. Alternatively, a decrease in consumer demand, possibly due to economic downturns or health concerns, could be a contributing factor. Trade policy changes, such as increased tariffs, might have reduced exports, affecting domestic supply and demand. Additionally, market forecasts predicting lower prices could have influenced current pricing strategies. Lastly, government subsidies to poultry companies might have lowered production costs, enabling price reductions.

The significant drop in U.S. Retail Broiler Composite prices in the current month could be driven by several factors. Increased production by poultry companies could have led to a surplus, reducing prices. A decrease in consumer demand, possibly due to economic factors or health concerns, might also be a contributing factor. Changes in trade policies, such as increased tariffs, could have reduced exports, impacting domestic supply and demand. Market forecasts predicting lower prices might have influenced current pricing strategies. Additionally, government subsidies to poultry companies could have lowered production costs, enabling price reductions.

The observed trend in the data indicates a significant drop in U.S. Retail Broiler Composite prices in the current month, following a period of relative stability. This sharp decline could be attributed to several factors. Increased production by poultry companies might have led to a surplus, driving down prices. Alternatively, a decrease in consumer demand, possibly due to economic downturns or health concerns, could be a contributing factor. Trade policy changes, such as increased tariffs, might have reduced exports, affecting domestic supply and demand. Additionally, market forecasts predicting lower prices could have influenced current pricing strategies. Lastly, government subsidies to poultry companies might have lowered production costs, enabling price reductions.

The significant drop in U.S. Retail Broiler Composite prices in the current month could be driven by several factors. Increased production by poultry companies could have led to a surplus, reducing prices. A decrease in consumer demand, possibly due to economic factors or health concerns, might also be a contributing factor. Changes in trade policies, such as increased tariffs, could have reduced exports, impacting domestic supply and demand. Market forecasts predicting lower prices might have influenced current pricing strategies. Additionally, government subsidies to poultry companies could have lowered production costs, enabling price reductions.

The observed trend in the data indicates a significant drop in U.S. Retail Broiler Composite prices in the current month, following a period of relative stability. This sharp decline could be attributed to several factors. Increased production by poultry companies might have led to a surplus, driving down prices. Alternatively, a decrease in consumer demand, possibly due to economic downturns or health concerns, could be a contributing factor. Trade policy changes, such as increased tariffs, might have reduced exports, affecting domestic supply and demand. Additionally, market forecasts predicting lower prices could have influenced current pricing strategies. Lastly, government subsidies to poultry companies might have lowered production costs, enabling price reductions.

The significant drop in U.S. Retail Broiler Composite prices in the current month could be driven by several factors. Increased production by poultry companies could have led to a surplus, reducing prices. A decrease in consumer demand, possibly due to economic factors or health concerns, might also be a contributing factor. Changes in trade policies, such as increased tariffs, could have reduced exports, impacting domestic supply and demand. Market forecasts predicting lower prices might have influenced current pricing strategies. Additionally, government subsidies to poultry companies could have lowered production costs, enabling price reductions.

The observed trend in the data indicates a significant drop in U.S. Retail Broiler Composite prices in the current month, following a period of relative stability. This sharp decline could be attributed to several factors. Increased production by poultry companies might have led to a surplus, driving down prices. Alternatively, a decrease in consumer demand, possibly due to economic downturns or health concerns, could be a contributing factor. Trade policy changes, such as increased tariffs, might have reduced exports, affecting domestic supply and demand. Additionally, market forecasts predicting lower prices could have influenced current pricing strategies. Lastly, government subsidies to poultry companies might have lowered production costs, enabling price reductions.

The significant drop in U.S. Retail Broiler Composite prices in the current month could be driven by several factors. Increased production by poultry companies could have led to a surplus, reducing prices. A decrease in consumer demand, possibly due to economic factors or health concerns, might also be a contributing factor. Changes in trade policies, such as increased tariffs, could have reduced exports, impacting domestic supply and demand. Market forecasts predicting lower prices might have influenced current pricing strategies. Additionally, government subsidies to poultry companies could have lowered production costs, enabling price reductions.

The observed trend in the data indicates a significant drop in U.S. Retail Broiler Composite prices in the current month, following a period of relative stability. This sharp decline could be attributed to several factors. Increased production by poultry companies might have led to a surplus, driving down prices. Alternatively, a decrease in consumer demand, possibly due to economic downturns or health concerns, could be a contributing factor. Trade policy changes, such as increased tariffs, might have reduced exports, affecting domestic supply and demand. Additionally, market forecasts predicting lower prices could have influenced current pricing strategies. Lastly, government subsidies to poultry companies might have lowered production costs, enabling price reductions.

The significant drop in U.S. Retail Broiler Composite prices in the current month could be driven by several factors. Increased production by poultry companies could have led to a surplus, reducing prices. A decrease in consumer demand, possibly due to economic factors or health concerns, might also be a contributing factor. Changes in trade policies, such as increased tariffs, could have reduced exports, impacting domestic supply and demand. Market forecasts predicting lower prices might have influenced current pricing strategies. Additionally, government subsidies to poultry companies could have lowered production costs, enabling price reductions.

The observed trend in the data indicates a significant drop in U.S. Retail Broiler Composite prices in the current month, following a period of relative stability. This sharp decline could be attributed to several factors. Increased production by poultry companies might have led to a surplus, driving down prices. Alternatively, a decrease in consumer demand, possibly due to economic downturns or health concerns, could be a contributing factor. Trade policy changes, such as increased tariffs, might have reduced exports, affecting domestic supply and demand. Additionally, market forecasts predicting lower prices could have influenced current pricing strategies. Lastly, government subsidies to poultry companies might have lowered production costs, enabling price reductions.

The significant drop in U.S. Retail Broiler Composite prices in the current month could be driven by several factors. Increased production by poultry companies could have led to a surplus, reducing prices. A decrease in consumer demand, possibly due to economic factors or health concerns, might also be a contributing factor. Changes in trade policies, such as increased tariffs, could have reduced exports, impacting domestic supply and demand. Market forecasts predicting lower prices might have influenced current pricing strategies. Additionally, government subsidies to poultry companies could have lowered production costs, enabling price reductions.

The observed trend in the data indicates a significant drop in U.S. Retail Broiler Composite prices in the current month, following a period of relative stability. This sharp decline could be attributed to several factors. Increased production by poultry companies might have led to a surplus, driving down prices. Alternatively, a decrease in consumer demand, possibly due to economic downturns or health concerns, could be a contributing factor. Trade policy changes, such as increased tariffs, might have reduced exports, affecting domestic supply and demand. Additionally, market forecasts predicting lower prices could have influenced current pricing strategies. Lastly, government subsidies to poultry companies might have lowered production costs, enabling price reductions.

The significant drop in U.S. Retail Broiler Composite prices in the current month could be driven by several factors. Increased production by poultry companies could have led to a surplus, reducing prices. A decrease in consumer demand, possibly due to economic factors or health concerns, might also be a contributing factor. Changes in trade policies, such as increased tariffs, could have reduced exports, impacting domestic supply and demand. Market forecasts predicting lower prices might have influenced current pricing strategies. Additionally, government subsidies to poultry companies could have lowered production costs, enabling price reductions.

The observed trend in the data indicates a significant drop in U.S. Retail Broiler Composite prices in the current month, following a period of relative stability. This sharp decline could be attributed to several factors. Increased production by poultry companies might have led to a surplus, driving down prices. Alternatively, a decrease in consumer demand, possibly due to economic downturns or health concerns, could be a contributing factor. Trade policy changes, such as increased tariffs, might have reduced exports, affecting domestic supply and demand. Additionally, market forecasts predicting lower prices could have influenced current pricing strategies. Lastly, government subsidies to poultry companies might have lowered production costs, enabling price reductions.

The significant drop in U.S. Retail Broiler Composite prices in the current month could be driven by several factors. Increased production by poultry companies could have led to a surplus, reducing prices. A decrease in consumer demand, possibly due to economic factors or health concerns, might also be a contributing factor. Changes in trade policies, such as increased tariffs, could have reduced exports, impacting domestic supply and demand. Market forecasts predicting lower prices might have influenced current pricing strategies. Additionally, government subsidies to poultry companies could have lowered production costs, enabling price reductions.

The observed trend in the data indicates a significant drop in U.S. Retail Broiler Composite prices in the current month, following a period of relative stability. This sharp decline could be attributed to several factors. Increased production by poultry companies might have led to a surplus, driving down prices. Alternatively, a decrease in consumer demand, possibly due to economic downturns or health concerns, could be a contributing factor. Trade policy changes, such as increased tariffs, might have reduced exports, affecting domestic supply and demand. Additionally, market forecasts predicting lower prices could have influenced current pricing strategies. Lastly, government subsidies to poultry companies might have lowered production costs, enabling price reductions.

The significant drop in U.S. Retail Broiler Composite prices in the current month could be driven by several factors. Increased production by poultry companies could have led to a surplus, reducing prices. A decrease in consumer demand, possibly due to economic factors or health concerns, might also be a contributing factor. Changes in trade policies, such as increased tariffs, could have reduced exports, impacting domestic supply and demand. Market forecasts predicting lower prices might have influenced current pricing strategies. Additionally, government subsidies to poultry companies could have lowered production costs, enabling price reductions.

The observed trend in the data indicates a significant drop in U.S. Retail Broiler Composite prices in the current month, following a period of relative stability. This sharp decline could be attributed to several factors. Increased production by poultry companies might have led to a surplus, driving down prices. Alternatively, a decrease in consumer demand, possibly due to economic downturns or health concerns, could be a contributing factor. Trade policy changes, such as increased tariffs, might have reduced exports, affecting domestic supply and demand. Additionally, market forecasts predicting lower prices could have influenced current pricing strategies. Lastly, government subsidies to poultry companies might have lowered production costs, enabling price reductions.

The significant drop in U.S. Retail Broiler Composite prices in the current month could be driven by several factors. Increased production by poultry companies could have led to a surplus, reducing prices. A decrease in consumer demand, possibly due to economic factors or health concerns, might also be a contributing factor. Changes in trade policies, such as increased tariffs, could have reduced exports, impacting domestic supply and demand. Market forecasts predicting lower prices might have influenced current pricing strategies. Additionally, government subsidies to poultry companies could have lowered production costs, enabling price reductions.

The observed trend in the data indicates a significant drop in U.S. Retail Broiler Composite prices in the current month, following a period of relative stability. This sharp decline could be attributed to several factors. Increased production by poultry companies might have led to a surplus, driving down prices. Alternatively, a decrease in consumer demand, possibly due to economic downturns or health concerns, could be a contributing factor. Trade policy changes, such as increased tariffs, might have reduced exports, affecting domestic supply and demand. Additionally, market forecasts predicting lower prices could have influenced current pricing strategies. Lastly, government subsidies to poultry companies might have lowered production costs, enabling price reductions.

The significant drop in U.S. Retail Broiler Composite prices in the current month could be driven by several factors. Increased production by poultry companies could have led to a surplus, reducing prices. A decrease in consumer demand, possibly due to economic factors or health concerns, might also be a contributing factor. Changes in trade policies, such as increased tariffs, could have reduced exports, impacting domestic supply and demand. Market forecasts predicting lower prices might have influenced current pricing strategies. Additionally, government subsidies to poultry companies could have lowered production costs, enabling price reductions.

The observed trend in the data indicates a significant drop in U.S. Retail Broiler Composite prices in the current month, following a period of relative stability. This sharp decline could be attributed to several factors. Increased production by poultry companies might have led to a surplus, driving down prices. Alternatively, a decrease in consumer demand, possibly due to economic downturns or health concerns, could be a contributing factor. Trade policy changes, such as increased tariffs, might have reduced exports, affecting domestic supply and demand. Additionally, market forecasts predicting lower prices could have influenced current pricing strategies. Lastly, government subsidies to poultry companies might have lowered production costs, enabling price reductions.

The significant drop in U.S. Retail Broiler Composite prices in the current month could be driven by several factors. Increased production by poultry companies could have led to a surplus, reducing prices. A decrease in consumer demand, possibly due to economic factors or health concerns, might also be a contributing factor. Changes in trade policies, such as increased tariffs, could have reduced exports, impacting domestic supply and demand. Market forecasts predicting lower prices might have influenced current pricing strategies. Additionally, government subsidies to poultry companies could have lowered production costs, enabling price reductions.

The observed trend in the data indicates a significant drop in U.S. Retail Broiler Composite prices in the current month, following a period of relative stability. This sharp decline could be attributed to several factors. Increased production by poultry companies might have led to a surplus, driving down prices. Alternatively, a decrease in consumer demand, possibly due to economic downturns or health concerns, could be a contributing factor. Trade policy changes, such as increased tariffs, might have reduced exports, affecting domestic supply and demand. Additionally, market forecasts predicting lower prices could have influenced current pricing strategies. Lastly, government subsidies to poultry companies might have lowered production costs, enabling price reductions.

The significant drop in U.S. Retail Broiler Composite prices in the current month could be driven by several factors. Increased production by poultry companies could have led to a surplus, reducing prices. A decrease in consumer demand, possibly due to economic factors or health concerns, might also be a contributing factor. Changes in trade policies, such as increased tariffs, could have reduced exports, impacting domestic supply and demand. Market forecasts predicting lower prices might have influenced current pricing strategies. Additionally, government subsidies to poultry companies could have lowered production costs, enabling price reductions.

The observed trend in the data indicates a significant drop in U.S. Retail Broiler Composite prices in the current month, following a period of relative stability. This sharp decline could be attributed to several factors. Increased production by poultry companies might have led to a surplus, driving down prices. Alternatively, a decrease in consumer demand, possibly due to economic downturns or health concerns, could be a contributing factor. Trade policy changes, such as increased tariffs, might have reduced exports, affecting domestic supply and demand. Additionally, market forecasts predicting lower prices could have influenced current pricing strategies. Lastly, government subsidies to poultry companies might have lowered production costs, enabling price reductions.

The significant drop in U.S. Retail Broiler Composite prices in the current month could be driven by several factors. Increased production by poultry companies could have led to a surplus, reducing prices. A decrease in consumer demand, possibly due to economic factors or health concerns, might also be a contributing factor. Changes in trade policies, such as increased tariffs, could have reduced exports, impacting domestic supply and demand. Market forecasts predicting lower prices might have influenced current pricing strategies. Additionally, government subsidies to poultry companies could have lowered production costs, enabling price reductions.

The observed trend in the data indicates a significant drop in U.S. Retail Broiler Composite prices in the current month, following a period of relative stability. This sharp decline could be attributed to several factors. Increased production by poultry companies might have led to a surplus, driving down prices. Alternatively, a decrease in consumer demand, possibly due to economic downturns or health concerns, could be a contributing factor. Trade policy changes, such as increased tariffs, might have reduced exports, affecting domestic supply and demand. Additionally, market forecasts predicting lower prices could have influenced current pricing strategies. Lastly, government subsidies to poultry companies might have lowered production costs, enabling price reductions.

The significant drop in U.S. Retail Broiler Composite prices in the current month could be driven by several factors. Increased production by poultry companies could have led to a surplus, reducing prices. A decrease in consumer demand, possibly due to economic factors or health concerns, might also be a contributing factor. Changes in trade policies, such as increased tariffs, could have reduced exports, impacting domestic supply and demand. Market forecasts predicting lower prices might have influenced current pricing strategies. Additionally, government subsidies to poultry companies could have lowered production costs, enabling price reductions.

The observed trend in the data indicates a significant drop in U.S. Retail Broiler Composite prices in the current month, following a period of relative stability. This sharp decline could be attributed to several factors. Increased production by poultry companies might have led to a surplus, driving down prices. Alternatively, a decrease in consumer demand, possibly due to economic downturns or health concerns, could be a contributing factor. Trade policy changes, such as increased tariffs, might have reduced exports, affecting domestic supply and demand. Additionally, market forecasts predicting lower prices could have influenced current pricing strategies. Lastly, government subsidies to poultry companies might have lowered production costs, enabling price reductions.

The significant drop in U.S. Retail Broiler Composite prices in the current month could be driven by several factors. Increased production by poultry companies could have led to a surplus, reducing prices. A decrease in consumer demand, possibly due to economic factors or health concerns, might also be a contributing factor. Changes in trade policies, such as increased tariffs, could have reduced exports, impacting domestic supply and demand. Market forecasts predicting lower prices might have influenced current pricing strategies. Additionally, government subsidies to poultry companies could have lowered production costs, enabling price reductions.

The observed trend in the data indicates a significant drop in U.S. Retail Broiler Composite prices in the current month, following a period of relative stability. This sharp decline could be attributed to several factors. Increased production by poultry companies might have led to a surplus, driving down prices. Alternatively, a decrease in consumer demand, possibly due to economic downturns or health concerns, could be a contributing factor. Trade policy changes, such as increased tariffs, might have reduced exports, affecting domestic supply and demand. Additionally, market forecasts predicting lower prices could have influenced current pricing strategies. Lastly, government subsidies to poultry companies might have lowered production costs, enabling price reductions.

The significant drop in U.S. Retail Broiler Composite prices in the current month could be driven by several factors. Increased production by poultry companies could have led to a surplus, reducing prices. A decrease in consumer demand, possibly due to economic factors or health concerns, might also be a contributing factor. Changes in trade policies, such as increased tariffs, could have reduced exports, impacting domestic supply and demand. Market forecasts predicting lower prices might have influenced current pricing strategies. Additionally, government subsidies to poultry companies could have lowered production costs, enabling price reductions.

The observed trend in the data indicates a significant drop in U.S. Retail Broiler Composite prices in the current month, following a period of relative stability. This sharp decline could be attributed to several factors. Increased production by poultry companies might have led to a surplus, driving down prices. Alternatively, a decrease in consumer demand, possibly due to economic downturns or health concerns, could be a contributing factor. Trade policy changes, such as increased tariffs, might have reduced exports, affecting domestic supply and demand. Additionally, market forecasts predicting lower prices could have influenced current pricing strategies. Lastly, government subsidies to poultry companies might have lowered production costs, enabling price reductions.

The significant drop in U.S. Retail Broiler Composite prices in the current month could be driven by several factors. Increased production by poultry companies could have led to a surplus, reducing prices. A decrease in consumer demand, possibly due to economic factors or health concerns, might also be a contributing factor. Changes in trade policies, such as increased tariffs, could have reduced exports, impacting domestic supply and demand. Market forecasts predicting lower prices might have influenced current pricing strategies. Additionally, government subsidies to poultry companies could have lowered production costs, enabling price reductions.

The observed trend in the data indicates a significant drop in U.S. Retail Broiler Composite prices in the current month, following a period of relative stability. This sharp decline could be attributed to several factors. Increased production by poultry companies might have led to a surplus, driving down prices. Alternatively, a decrease in consumer demand, possibly due to economic downturns or health concerns, could be a contributing factor. Trade policy changes, such as increased tariffs, might have reduced exports, affecting domestic supply and demand. Additionally, market forecasts predicting lower prices could have influenced current pricing strategies. Lastly, government subsidies to poultry companies might have lowered production costs, enabling price reductions.

The significant drop in U.S. Retail Broiler Composite prices in the current month could be driven by several factors. Increased production by poultry companies could have led to a surplus, reducing prices. A decrease in consumer demand, possibly due to economic factors or health concerns, might also be a contributing factor. Changes in trade policies, such as increased tariffs, could have reduced exports, impacting domestic supply and demand. Market forecasts predicting lower prices might have influenced current pricing strategies. Additionally, government subsidies to poultry companies could have lowered production costs, enabling price reductions.

The observed trend in the data indicates a significant drop in U.S. Retail Broiler Composite prices in the current month, following a period of relative stability. This sharp decline could be attributed to several factors. Increased production by poultry companies might have led to a surplus, driving down prices. Alternatively, a decrease in consumer demand, possibly due to economic downturns or health concerns, could be a contributing factor. Trade policy changes, such as increased tariffs, might have reduced exports, affecting domestic supply and demand. Additionally, market forecasts predicting lower prices could have influenced current pricing strategies. Lastly, government subsidies to poultry companies might have lowered production costs, enabling price reductions.

The significant drop in U.S. Retail Broiler Composite prices in the current month could be driven by several factors. Increased production by poultry companies could have led to a surplus, reducing prices. A decrease in consumer demand, possibly due to economic factors or health concerns, might also be a contributing factor. Changes in trade policies, such as increased tariffs, could have reduced exports, impacting domestic supply and demand. Market forecasts predicting lower prices might have influenced current pricing strategies. Additionally, government subsidies to poultry companies could have lowered production costs, enabling price reductions.

The observed trend in the data indicates a significant drop in U.S. Retail Broiler Composite prices in the current month, following a period of relative stability. This sharp decline could be attributed to several factors. Increased production by poultry companies might have led to a surplus, driving down prices. Alternatively, a decrease in consumer demand, possibly due to economic downturns or health concerns, could be a contributing factor. Trade policy changes, such as increased tariffs, might have reduced exports, affecting domestic supply and demand. Additionally, market forecasts predicting lower prices could have influenced current pricing strategies. Lastly, government subsidies to poultry companies might have lowered production costs, enabling price reductions.

The significant drop in U.S. Retail Broiler Composite prices in the current month could be driven by several factors. Increased production by poultry companies could have led to a surplus, reducing prices. A decrease in consumer demand, possibly due to economic factors or health concerns, might also be a contributing factor. Changes in trade policies, such as increased tariffs, could have reduced exports, impacting domestic supply and demand. Market forecasts predicting lower prices might have influenced current pricing strategies. Additionally, government subsidies to poultry companies could have lowered production costs, enabling price reductions.

The observed trend in the data indicates a significant drop in U.S. Retail Broiler Composite prices in the current month, following a period of relative stability. This sharp decline could be attributed to several factors. Increased production by poultry companies might have led to a surplus, driving down prices. Alternatively, a decrease in consumer demand, possibly due to economic downturns or health concerns, could be a contributing factor. Trade policy changes, such as increased tariffs, might have reduced exports, affecting domestic supply and demand. Additionally, market forecasts predicting lower prices could have influenced current pricing strategies. Lastly, government subsidies to poultry companies might have lowered production costs, enabling price reductions.

The significant drop in U.S. Retail Broiler Composite prices in the current month could be driven by several factors. Increased production by poultry companies could have led to a surplus, reducing prices. A decrease in consumer demand, possibly due to economic factors or health concerns, might also be a contributing factor. Changes in trade policies, such as increased tariffs, could have reduced exports, impacting domestic supply and demand. Market forecasts predicting lower prices might have influenced current pricing strategies. Additionally, government subsidies to poultry companies could have lowered production costs, enabling price reductions.

The observed trend in the data indicates a significant drop in U.S. Retail Broiler Composite prices in the current month, following a period of relative stability. This sharp decline could be attributed to several factors. Increased production by poultry companies might have led to a surplus, driving down prices. Alternatively, a decrease in consumer demand, possibly due to economic downturns or health concerns, could be a contributing factor. Trade policy changes, such as increased tariffs, might have reduced exports, affecting domestic supply and demand. Additionally, market forecasts predicting lower prices could have influenced current pricing strategies. Lastly, government subsidies to poultry companies might have lowered production costs, enabling price reductions.

The significant drop in U.S. Retail Broiler Composite prices in the current month could be driven by several factors. Increased production by poultry companies could have led to a surplus, reducing
===== END RAW GENERATION =====
[DEBUG] parsed JSON: {"hypotheses": [], "summary": ""}
recall_all: 0.05555555555555555 precision_all: 0.022222222222222223
Labels:
['market', 'forecast_action', 'import', 'up']
['market', 'forecast_action', 'production', 'down']
['market', 'price_action', 'price', 'down']
['market', 'production_action', 'production', 'down']

===== RAW GENERATION (decoded) =====
The observed trend in the U.S. Retail Broiler Composite prices shows a fluctuation over the past three months, with a notable increase in the current month. This could be attributed to various factors such as changes in production levels, shifts in consumer demand, or external events impacting the market. The increase might reflect a response to lower supply due to production issues, increased demand during a specific period, or external factors like trade policies or health events affecting the poultry industry.

⟪FINAL⟫{
  "hypotheses": [
    {
      "key": "us_government_agency|report_action|production|down"
    },
    {
      "key": "united_states|trade_policy_action|tariff|up"
    },
    {
      "key": "poultry_industry_association|health_event_action|disease_event|up"
    },
    {
      "key": "poultry_company|production_action|capacity|down"
    },
    {
      "key": "market|price_action|price|up"
    }
  ]
}
===== END RAW GENERATION =====
[DEBUG] parsed JSON: {"hypotheses": [{"key": "us_government_agency|report_action|production|down"}, {"key": "united_states|trade_policy_action|tariff|up"}, {"key": "poultry_industry_association|health_event_action|disease_event|up"}, {"key": "poultry_company|production_action|capacity|down"}, {"key": "market|price_action|price|up"}]}
['us_government_agency', 'report_action', 'production', 'down']
['united_states', 'trade_policy_action', 'tariff', 'up']
['poultry_industry_association', 'health_event_action', 'disease_event', 'up']
['poultry_company', 'production_action', 'capacity', 'down']
['market', 'price_action', 'price', 'up']
recall_all: 0.075 precision_all: 0.04
Labels:
['market', 'forecast_action', 'price', 'down']
['market', 'price_action', 'price', 'down']
['market', 'price_action', 'price', 'up']
['market', 'production_action', 'production', 'down']

===== RAW GENERATION (decoded) =====
The observed trend in the U.S. Retail Broiler Composite prices shows a decrease in the current month, following a period of volatility. This drop could be attributed to several factors, including increased production leading to oversupply, promotional activities by retailers, or external events like trade policy changes or health concerns affecting consumer demand.

⟪FINAL⟫{
  "hypotheses": [
    {
      "key": "united_states|report_action|production|down"
    },
    {
      "key": "poultry_company|production_action|supply|down"
    },
    {
      "key": "market|price_action|price|down"
    },
    {
      "key": "united_states|trade_policy_action|tariff|down"
    },
    {
      "key": "united_states|health_event_action|disease_event|down"
    }
  ]
}
===== END RAW GENERATION =====
[DEBUG] parsed JSON: {"hypotheses": [{"key": "united_states|report_action|production|down"}, {"key": "poultry_company|production_action|supply|down"}, {"key": "market|price_action|price|down"}, {"key": "united_states|trade_policy_action|tariff|down"}, {"key": "united_states|health_event_action|disease_event|down"}]}
['united_states', 'report_action', 'production', 'down']
['poultry_company', 'production_action', 'supply', 'down']
['market', 'price_action', 'price', 'down']
['united_states', 'trade_policy_action', 'tariff', 'down']
['united_states', 'health_event_action', 'disease_event', 'down']
recall_all: 0.11363636363636363 precision_all: 0.05454545454545456
Labels:
['market', 'health_event_action', 'disease_event', 'ambiguous']

===== RAW GENERATION (decoded) =====
The observed trend in the U.S. Retail Broiler Composite prices shows a slight increase in the current month, following a fluctuation in the previous three months. This upward movement could be attributed to various factors such as increased demand, production changes, or external policy influences. The reasoning paragraph would explore these possibilities, connecting the price change to potential real-world events.

Here are the structured hypotheses based on the analysis:

```json
{
  "hypotheses": [
    {
      "key": "market|price_action|price|up"
    },
    {
      "key": "poultry_industry_association|report_action|demand|up"
    },
    {
      "key": "poultry_company|production_action|production|up"
    },
    {
      "key": "us_government_agency|trade_policy_action|tariff|up"
    },
    {
      "key": "poultry_industry_association|health_event_action|disease_event|up"
    }
  ]
}
```
===== END RAW GENERATION =====
[DEBUG] parsed JSON: {"hypotheses": [{"key": "market|price_action|price|up"}, {"key": "poultry_industry_association|report_action|demand|up"}, {"key": "poultry_company|production_action|production|up"}, {"key": "us_government_agency|trade_policy_action|tariff|up"}, {"key": "poultry_industry_association|health_event_action|disease_event|up"}]}
['market', 'price_action', 'price', 'up']
['poultry_industry_association', 'report_action', 'demand', 'up']
['poultry_company', 'production_action', 'production', 'up']
['us_government_agency', 'trade_policy_action', 'tariff', 'up']
['poultry_industry_association', 'health_event_action', 'disease_event', 'up']
recall_all: 0.10416666666666667 precision_all: 0.05000000000000001
Labels:
['market', 'forecast_action', 'production', 'up']
['market', 'price_action', 'price', 'up']
['market', 'price_action', 'export', 'down']
['market', 'price_action', 'price', 'ambiguous']

===== RAW GENERATION (decoded) =====
The observed trend in the U.S. Retail Broiler Composite prices shows a downward movement with some volatility. The prices decreased from $2.195 to $2.098, then slightly increased to $2.111, and further decreased by $0.046 in the current month. This pattern suggests a combination of factors affecting supply and demand. Possible causes include increased production, lower production costs, or external events like health issues or policy changes. The current month's drop could be due to a report indicating higher production, a price reduction by a major company, removal of tariffs, a disease outbreak, or a forecast of surplus.

⟪FINAL⟫{
  "hypotheses": [
    {
      "key": "us_government_agency|report_action|production|up"
    },
    {
      "key": "poultry_company|price_action|price|down"
    },
    {
      "key": "united_states|trade_policy_action|tariff|down"
    },
    {
      "key": "poultry_industry_association|health_event_action|disease_event|up"
    },
    {
      "key": "poultry_industry_association|forecast_action|surplus|up"
    }
  ]
}
===== END RAW GENERATION =====
[DEBUG] parsed JSON: {"hypotheses": [{"key": "us_government_agency|report_action|production|up"}, {"key": "poultry_company|price_action|price|down"}, {"key": "united_states|trade_policy_action|tariff|down"}, {"key": "poultry_industry_association|health_event_action|disease_event|up"}, {"key": "poultry_industry_association|forecast_action|surplus|up"}]}
['us_government_agency', 'report_action', 'production', 'up']
['poultry_company', 'price_action', 'price', 'down']
['united_states', 'trade_policy_action', 'tariff', 'down']
['poultry_industry_association', 'health_event_action', 'disease_event', 'up']
['poultry_industry_association', 'forecast_action', 'surplus', 'up']
recall_all: 0.09615384615384616 precision_all: 0.04615384615384616
Labels:
['market', 'forecast_action', 'price', 'down']
['market', 'price_action', 'price', 'up']
['market', 'production_action', 'production', 'up']

===== RAW GENERATION (decoded) =====
The observed trend in the U.S. Retail Broiler Composite prices shows a significant drop in the current month, following a relatively stable period. This decline could be attributed to several factors. Increased production by poultry companies might have led to an oversupply, driving prices down. Alternatively, a government report indicating an oversupply could have influenced market dynamics. Trade policy changes, such as reduced tariffs on imports, might have also contributed to the price drop. Additionally, a health event causing a disease outbreak could have prompted increased production to compensate for losses, or a market forecast predicting lower prices might have encouraged producers to sell more immediately.

⟪FINAL⟫{
  "hypotheses": [
    {
      "key": "poultry_company|production_action|production|up"
    },
    {
      "key": "us_government_agency|report_action|capacity|up"
    },
    {
      "key": "united_states|trade_policy_action|tariff|down"
    },
    {
      "key": "poultry_industry_association|health_event_action|disease_event|up"
    },
    {
      "key": "market|forecast_action|price|down"
    }
  ]
}
===== END RAW GENERATION =====
[DEBUG] parsed JSON: {"hypotheses": [{"key": "poultry_company|production_action|production|up"}, {"key": "us_government_agency|report_action|capacity|up"}, {"key": "united_states|trade_policy_action|tariff|down"}, {"key": "poultry_industry_association|health_event_action|disease_event|up"}, {"key": "market|forecast_action|price|down"}]}
['poultry_company', 'production_action', 'production', 'up']
['us_government_agency', 'report_action', 'capacity', 'up']
['united_states', 'trade_policy_action', 'tariff', 'down']
['poultry_industry_association', 'health_event_action', 'disease_event', 'up']
['market', 'forecast_action', 'price', 'down']
recall_all: 0.1130952380952381 precision_all: 0.05714285714285715
Labels:
['market', 'price_action', 'price', 'ambiguous']

===== RAW GENERATION (decoded) =====
The observed trend in the data indicates a downward movement in broiler prices over the past three months, followed by a slight increase in the current month. This shift could be attributed to a combination of supply and demand dynamics, production changes, or external market influences. The initial decline might reflect increased production or decreased demand, while the current month's increase suggests a potential supply disruption, heightened demand, or market forecasts indicating future price hikes.

The hypotheses for real-time events that could explain the current month's price increase are as follows:

1. **Market|price_action|price|up**: A poultry company increased prices due to higher demand or supply constraints.
2. **Poultry_industry_association|forecast_action|demand|up**: An industry report predicted increased demand, prompting price adjustments.
3. **Poultry_company|production_action|production|down**: A production cut by a major company reduced supply, leading to higher prices.
4. **United_States|report_action|consumption|up**: A government report indicated higher consumption, influencing market expectations.
5. **Us_government_agency|trade_policy_action|import|down**: A policy restricting imports reduced domestic supply, causing prices to rise.

These events align with the observed data trend and provide plausible explanations for the price movement.

```json
{
  "hypotheses": [
    {
      "key": "Market|price_action|price|up"
    },
    {
      "key": "Poultry_industry_association|forecast_action|demand|up"
    },
    {
      "key": "Poultry_company|production_action|production|down"
    },
    {
      "key": "United_States|report_action|consumption|up"
    },
    {
      "key": "Us_government_agency|trade_policy_action|import|down"
    }
  ]
}
```
===== END RAW GENERATION =====
[DEBUG] parsed JSON: {"hypotheses": [{"key": "Market|price_action|price|up"}, {"key": "Poultry_industry_association|forecast_action|demand|up"}, {"key": "Poultry_company|production_action|production|down"}, {"key": "United_States|report_action|consumption|up"}, {"key": "Us_government_agency|trade_policy_action|import|down"}]}
['Market', 'price_action', 'price', 'up']
['Poultry_industry_association', 'forecast_action', 'demand', 'up']
['Poultry_company', 'production_action', 'production', 'down']
['United_States', 'report_action', 'consumption', 'up']
['Us_government_agency', 'trade_policy_action', 'import', 'down']
recall_all: 0.1722222222222222 precision_all: 0.06666666666666667
Labels:
['market', 'price_action', 'price', 'up']
['united_states', 'forecast_action', 'export', 'down']
['united_states', 'health_event_action', 'disease_event', 'ambiguous']

===== RAW GENERATION (decoded) =====
The observed trend in the U.S. Retail Broiler Composite prices shows volatility over the past three months, with a recent drop in the current month. This could be attributed to increased production, lower production costs, or external events such as government policies or market forecasts. The current month's price drop might result from a report on increased production, a company's production expansion, a market forecast leading to surplus, a government subsidy, or a resolved health event boosting supply.

**Reasoning Paragraph:**

The U.S. Retail Broiler Composite prices have shown volatility over the past three months, with a recent decline in the current month. This trend could be influenced by several factors, including changes in production levels, shifts in supply and demand dynamics, and external events impacting the market. The decrease in the current month might reflect increased production, leading to higher supply and lower prices. Alternatively, it could be due to reduced production costs, such as lower feed prices or improved production efficiency, allowing companies to lower their prices. Additionally, external factors like government subsidies for poultry production or market forecasts predicting lower prices could have encouraged producers to increase supply, contributing to the price drop. Another possibility is a resolved health event that initially disrupted production but has since normalized, leading to a surplus in supply and consequently lower prices.

**Final Structured Results:**

⟪FINAL⟫{
  "hypotheses": [
    {
      "key": "united_states|report_action|production|up"
    },
    {
      "key": "poultry_company|production_action|production|up"
    },
    {
      "key": "market|forecast_action|price|down"
    },
    {
      "key": "us_government_agency|subsidy_action|subsidy|up"
    },
    {
      "key": "poultry_industry_association|health_event_action|disease_event|down"
    }
  ]
}
===== END RAW GENERATION =====
[DEBUG] parsed JSON: {"hypotheses": [{"key": "united_states|report_action|production|up"}, {"key": "poultry_company|production_action|production|up"}, {"key": "market|forecast_action|price|down"}, {"key": "us_government_agency|subsidy_action|subsidy|up"}, {"key": "poultry_industry_association|health_event_action|disease_event|down"}]}
['united_states', 'report_action', 'production', 'up']
['poultry_company', 'production_action', 'production', 'up']
['market', 'forecast_action', 'price', 'down']
['us_government_agency', 'subsidy_action', 'subsidy', 'up']
['poultry_industry_association', 'health_event_action', 'disease_event', 'down']
recall_all: 0.16145833333333331 precision_all: 0.0625
